TechType,Name,SpriteClass,Lvl,BuildType,BuildLvl,Time
,,,,,,
//Main Building,,,,,,
20001,OVERTIME,OVERTIME_TECHNOLOGY,0,0,0,
20001,OVERTIME,OVERTIME_TECHNOLOGY,1,2000,7,
20001,OVERTIME,OVERTIME_TECHNOLOGY,2,2000,9,
20001,OVERTIME,OVERTIME_TECHNOLOGY,3,2000,11,
20001,OVERTIME,OVERTIME_TECHNOLOGY,4,2000,13,
20001,OVERTIME,OVERTIME_TECHNOLOGY,5,2000,15,
,,,,,,
//foundry,,,,,,
21101,A_CALL_TO_ARMS,A_CALL_TO_ARMS_TECHNOLOGY,0,2110,0,
21101,A_CALL_TO_ARMS,A_CALL_TO_ARMS_TECHNOLOGY,1,2110,2,
21101,A_CALL_TO_ARMS,A_CALL_TO_ARMS_TECHNOLOGY,2,2110,4,
21101,A_CALL_TO_ARMS,A_CALL_TO_ARMS_TECHNOLOGY,3,2110,6,
21101,A_CALL_TO_ARMS,A_CALL_TO_ARMS_TECHNOLOGY,4,2110,8,
21101,A_CALL_TO_ARMS,A_CALL_TO_ARMS_TECHNOLOGY,5,2110,10,
21102,TUNNEL_EXCAVATION,TUNNEL_EXCAVATION_TECHNOLOGY,0,2110,1,
21102,TUNNEL_EXCAVATION,TUNNEL_EXCAVATION_TECHNOLOGY,1,2110,2,
21102,TUNNEL_EXCAVATION,TUNNEL_EXCAVATION_TECHNOLOGY,2,2110,5,
21102,TUNNEL_EXCAVATION,TUNNEL_EXCAVATION_TECHNOLOGY,3,2110,8,
21103,SENSE_OF_URGENCY,SENSE_OF_URGENCY_TECHNOLOGY,0,2110,4,
21103,SENSE_OF_URGENCY,SENSE_OF_URGENCY_TECHNOLOGY,1,2110,4,
21103,SENSE_OF_URGENCY,SENSE_OF_URGENCY_TECHNOLOGY,2,2110,5,
21103,SENSE_OF_URGENCY,SENSE_OF_URGENCY_TECHNOLOGY,3,2110,6,
21103,SENSE_OF_URGENCY,SENSE_OF_URGENCY_TECHNOLOGY,4,2110,8,
21103,SENSE_OF_URGENCY,SENSE_OF_URGENCY_TECHNOLOGY,5,2110,10,
21104,DOUBLE_TIME,DOUBLE_TIME_TECHNOLOGY,0,2110,5,
21104,DOUBLE_TIME,DOUBLE_TIME_TECHNOLOGY,1,2110,6,
21104,DOUBLE_TIME,DOUBLE_TIME_TECHNOLOGY,2,2110,7,
21104,DOUBLE_TIME,DOUBLE_TIME_TECHNOLOGY,3,2110,8,
21104,DOUBLE_TIME,DOUBLE_TIME_TECHNOLOGY,4,2110,9,
21104,DOUBLE_TIME,DOUBLE_TIME_TECHNOLOGY,5,2110,10,
,,,,,,
//armory,,,,0,0,
23021,SWORD_ARMOR_RESEARCH,SWORD_ARMOR_RESEARCH_TECHNOLOGY,0,2302,0,
23021,SWORD_ARMOR_RESEARCH,SWORD_ARMOR_RESEARCH_TECHNOLOGY,1,2302,0,13430
23021,SWORD_ARMOR_RESEARCH,SWORD_ARMOR_RESEARCH_TECHNOLOGY,2,2302,0,15680
23021,SWORD_ARMOR_RESEARCH,SWORD_ARMOR_RESEARCH_TECHNOLOGY,3,2302,0,18420
23021,SWORD_ARMOR_RESEARCH,SWORD_ARMOR_RESEARCH_TECHNOLOGY,4,2302,0,21780
23021,SWORD_ARMOR_RESEARCH,SWORD_ARMOR_RESEARCH_TECHNOLOGY,5,2302,0,25870
23021,SWORD_ARMOR_RESEARCH,SWORD_ARMOR_RESEARCH_TECHNOLOGY,6,2302,0,30880
23021,SWORD_ARMOR_RESEARCH,SWORD_ARMOR_RESEARCH_TECHNOLOGY,7,2302,0,36990
23021,SWORD_ARMOR_RESEARCH,SWORD_ARMOR_RESEARCH_TECHNOLOGY,8,2302,0,44450
23021,SWORD_ARMOR_RESEARCH,SWORD_ARMOR_RESEARCH_TECHNOLOGY,9,2302,0,53570
23021,SWORD_ARMOR_RESEARCH,SWORD_ARMOR_RESEARCH_TECHNOLOGY,10,2302,0,64710
,,,,,,
23022,BOW_ARMOR_RESEARCH,BOW_ARMOR_RESEARCH_TECHNOLOGY,0,2302,0,
23022,BOW_ARMOR_RESEARCH,BOW_ARMOR_RESEARCH_TECHNOLOGY,1,2302,0,13430
23022,BOW_ARMOR_RESEARCH,BOW_ARMOR_RESEARCH_TECHNOLOGY,2,2302,0,15680
23022,BOW_ARMOR_RESEARCH,BOW_ARMOR_RESEARCH_TECHNOLOGY,3,2302,0,18420
23022,BOW_ARMOR_RESEARCH,BOW_ARMOR_RESEARCH_TECHNOLOGY,4,2302,0,21780
23022,BOW_ARMOR_RESEARCH,BOW_ARMOR_RESEARCH_TECHNOLOGY,5,2302,0,25870
23022,BOW_ARMOR_RESEARCH,BOW_ARMOR_RESEARCH_TECHNOLOGY,6,2302,0,30880
23022,BOW_ARMOR_RESEARCH,BOW_ARMOR_RESEARCH_TECHNOLOGY,7,2302,0,36990
23022,BOW_ARMOR_RESEARCH,BOW_ARMOR_RESEARCH_TECHNOLOGY,8,2302,0,44450
23022,BOW_ARMOR_RESEARCH,BOW_ARMOR_RESEARCH_TECHNOLOGY,9,2302,0,53570
23022,BOW_ARMOR_RESEARCH,BOW_ARMOR_RESEARCH_TECHNOLOGY,10,2302,0,64710
,,,,,,
23023,PIKE_ARMOR_RESEARCH,PIKE_ARMOR_RESEARCH_TECHNOLOGY,0,2302,0,
23023,PIKE_ARMOR_RESEARCH,PIKE_ARMOR_RESEARCH_TECHNOLOGY,1,2302,0,13430
23023,PIKE_ARMOR_RESEARCH,PIKE_ARMOR_RESEARCH_TECHNOLOGY,2,2302,0,15680
23023,PIKE_ARMOR_RESEARCH,PIKE_ARMOR_RESEARCH_TECHNOLOGY,3,2302,0,18420
23023,PIKE_ARMOR_RESEARCH,PIKE_ARMOR_RESEARCH_TECHNOLOGY,4,2302,0,21780
23023,PIKE_ARMOR_RESEARCH,PIKE_ARMOR_RESEARCH_TECHNOLOGY,5,2302,0,25870
23023,PIKE_ARMOR_RESEARCH,PIKE_ARMOR_RESEARCH_TECHNOLOGY,6,2302,0,30880
23023,PIKE_ARMOR_RESEARCH,PIKE_ARMOR_RESEARCH_TECHNOLOGY,7,2302,0,36990
23023,PIKE_ARMOR_RESEARCH,PIKE_ARMOR_RESEARCH_TECHNOLOGY,8,2302,0,44450
23023,PIKE_ARMOR_RESEARCH,PIKE_ARMOR_RESEARCH_TECHNOLOGY,9,2302,0,53570
23023,PIKE_ARMOR_RESEARCH,PIKE_ARMOR_RESEARCH_TECHNOLOGY,10,2302,0,64710
,,,,,,
23024,GLADIATOR_ARMOR_RESEARCH,GLADIATOR_ARMOR_RESEARCH_TECHNOLOGY,0,2302,0,
23024,GLADIATOR_ARMOR_RESEARCH,GLADIATOR_ARMOR_RESEARCH_TECHNOLOGY,1,2302,0,13430
23024,GLADIATOR_ARMOR_RESEARCH,GLADIATOR_ARMOR_RESEARCH_TECHNOLOGY,2,2302,0,15680
23024,GLADIATOR_ARMOR_RESEARCH,GLADIATOR_ARMOR_RESEARCH_TECHNOLOGY,3,2302,0,18420
23024,GLADIATOR_ARMOR_RESEARCH,GLADIATOR_ARMOR_RESEARCH_TECHNOLOGY,4,2302,0,21780
23024,GLADIATOR_ARMOR_RESEARCH,GLADIATOR_ARMOR_RESEARCH_TECHNOLOGY,5,2302,0,25870
23024,GLADIATOR_ARMOR_RESEARCH,GLADIATOR_ARMOR_RESEARCH_TECHNOLOGY,6,2302,0,30880
23024,GLADIATOR_ARMOR_RESEARCH,GLADIATOR_ARMOR_RESEARCH_TECHNOLOGY,7,2302,0,36990
23024,GLADIATOR_ARMOR_RESEARCH,GLADIATOR_ARMOR_RESEARCH_TECHNOLOGY,8,2302,0,44450
23024,GLADIATOR_ARMOR_RESEARCH,GLADIATOR_ARMOR_RESEARCH_TECHNOLOGY,9,2302,0,53570
23024,GLADIATOR_ARMOR_RESEARCH,GLADIATOR_ARMOR_RESEARCH_TECHNOLOGY,10,2302,0,64710
,,,,,,
23025,CAVALRY_ARMOR_RESEARCH,CAVALRY_ARMOR_RESEARCH_TECHNOLOGY,0,2302,0,
23025,CAVALRY_ARMOR_RESEARCH,CAVALRY_ARMOR_RESEARCH_TECHNOLOGY,1,2302,0,13430
23025,CAVALRY_ARMOR_RESEARCH,CAVALRY_ARMOR_RESEARCH_TECHNOLOGY,2,2302,0,15680
23025,CAVALRY_ARMOR_RESEARCH,CAVALRY_ARMOR_RESEARCH_TECHNOLOGY,3,2302,0,18420
23025,CAVALRY_ARMOR_RESEARCH,CAVALRY_ARMOR_RESEARCH_TECHNOLOGY,4,2302,0,21780
23025,CAVALRY_ARMOR_RESEARCH,CAVALRY_ARMOR_RESEARCH_TECHNOLOGY,5,2302,0,25870
23025,CAVALRY_ARMOR_RESEARCH,CAVALRY_ARMOR_RESEARCH_TECHNOLOGY,6,2302,0,30880
23025,CAVALRY_ARMOR_RESEARCH,CAVALRY_ARMOR_RESEARCH_TECHNOLOGY,7,2302,0,36990
23025,CAVALRY_ARMOR_RESEARCH,CAVALRY_ARMOR_RESEARCH_TECHNOLOGY,8,2302,0,44450
23025,CAVALRY_ARMOR_RESEARCH,CAVALRY_ARMOR_RESEARCH_TECHNOLOGY,9,2302,0,53570
23025,CAVALRY_ARMOR_RESEARCH,CAVALRY_ARMOR_RESEARCH_TECHNOLOGY,10,2302,0,64710
,,,,,,
23026,KNIGHT_ARMOR_RESEARCH,KNIGHT_ARMOR_RESEARCH_TECHNOLOGY,0,2302,0,
23026,KNIGHT_ARMOR_RESEARCH,KNIGHT_ARMOR_RESEARCH_TECHNOLOGY,1,2302,0,13430
23026,KNIGHT_ARMOR_RESEARCH,KNIGHT_ARMOR_RESEARCH_TECHNOLOGY,2,2302,0,15680
23026,KNIGHT_ARMOR_RESEARCH,KNIGHT_ARMOR_RESEARCH_TECHNOLOGY,3,2302,0,18420
23026,KNIGHT_ARMOR_RESEARCH,KNIGHT_ARMOR_RESEARCH_TECHNOLOGY,4,2302,0,21780
23026,KNIGHT_ARMOR_RESEARCH,KNIGHT_ARMOR_RESEARCH_TECHNOLOGY,5,2302,0,25870
23026,KNIGHT_ARMOR_RESEARCH,KNIGHT_ARMOR_RESEARCH_TECHNOLOGY,6,2302,0,30880
23026,KNIGHT_ARMOR_RESEARCH,KNIGHT_ARMOR_RESEARCH_TECHNOLOGY,7,2302,0,36990
23026,KNIGHT_ARMOR_RESEARCH,KNIGHT_ARMOR_RESEARCH_TECHNOLOGY,8,2302,0,44450
23026,KNIGHT_ARMOR_RESEARCH,KNIGHT_ARMOR_RESEARCH_TECHNOLOGY,9,2302,0,53570
23026,KNIGHT_ARMOR_RESEARCH,KNIGHT_ARMOR_RESEARCH_TECHNOLOGY,10,2302,0,64710
,,,,,,
23027,HELEPOLIS_ARMOR_RESEARCH,HELEPOLIS_ARMOR_RESEARCH_TECHNOLOGY,0,2302,0,
23027,HELEPOLIS_ARMOR_RESEARCH,HELEPOLIS_ARMOR_RESEARCH_TECHNOLOGY,1,2302,0,13430
23027,HELEPOLIS_ARMOR_RESEARCH,HELEPOLIS_ARMOR_RESEARCH_TECHNOLOGY,2,2302,0,15680
23027,HELEPOLIS_ARMOR_RESEARCH,HELEPOLIS_ARMOR_RESEARCH_TECHNOLOGY,3,2302,0,18420
23027,HELEPOLIS_ARMOR_RESEARCH,HELEPOLIS_ARMOR_RESEARCH_TECHNOLOGY,4,2302,0,21780
23027,HELEPOLIS_ARMOR_RESEARCH,HELEPOLIS_ARMOR_RESEARCH_TECHNOLOGY,5,2302,0,25870
23027,HELEPOLIS_ARMOR_RESEARCH,HELEPOLIS_ARMOR_RESEARCH_TECHNOLOGY,6,2302,0,30880
23027,HELEPOLIS_ARMOR_RESEARCH,HELEPOLIS_ARMOR_RESEARCH_TECHNOLOGY,7,2302,0,36990
23027,HELEPOLIS_ARMOR_RESEARCH,HELEPOLIS_ARMOR_RESEARCH_TECHNOLOGY,8,2302,0,44450
23027,HELEPOLIS_ARMOR_RESEARCH,HELEPOLIS_ARMOR_RESEARCH_TECHNOLOGY,9,2302,0,53570
23027,HELEPOLIS_ARMOR_RESEARCH,HELEPOLIS_ARMOR_RESEARCH_TECHNOLOGY,10,2302,0,64710
,,,,,,
23028,CATAPULT_ARMOR_RESEARCH,CATAPULT_ARMOR_RESEARCH_TECHNOLOGY,0,2302,0,
23028,CATAPULT_ARMOR_RESEARCH,CATAPULT_ARMOR_RESEARCH_TECHNOLOGY,1,2302,0,13430
23028,CATAPULT_ARMOR_RESEARCH,CATAPULT_ARMOR_RESEARCH_TECHNOLOGY,2,2302,0,15680
23028,CATAPULT_ARMOR_RESEARCH,CATAPULT_ARMOR_RESEARCH_TECHNOLOGY,3,2302,0,18420
23028,CATAPULT_ARMOR_RESEARCH,CATAPULT_ARMOR_RESEARCH_TECHNOLOGY,4,2302,0,21780
23028,CATAPULT_ARMOR_RESEARCH,CATAPULT_ARMOR_RESEARCH_TECHNOLOGY,5,2302,0,25870
23028,CATAPULT_ARMOR_RESEARCH,CATAPULT_ARMOR_RESEARCH_TECHNOLOGY,6,2302,0,30880
23028,CATAPULT_ARMOR_RESEARCH,CATAPULT_ARMOR_RESEARCH_TECHNOLOGY,7,2302,0,36990
23028,CATAPULT_ARMOR_RESEARCH,CATAPULT_ARMOR_RESEARCH_TECHNOLOGY,8,2302,0,44450
23028,CATAPULT_ARMOR_RESEARCH,CATAPULT_ARMOR_RESEARCH_TECHNOLOGY,9,2302,0,53570
23028,CATAPULT_ARMOR_RESEARCH,CATAPULT_ARMOR_RESEARCH_TECHNOLOGY,10,2302,0,64710
,,,,,,
,,,,,,
//blacksmith,,,,,0,
23031,SWORD_WEAPON_RESEARCH,SWORD_WEAPON_RESEARCH_TECHNOLOGY,0,2303,0,
23031,SWORD_WEAPON_RESEARCH,SWORD_WEAPON_RESEARCH_TECHNOLOGY,1,2303,0,13430
23031,SWORD_WEAPON_RESEARCH,SWORD_WEAPON_RESEARCH_TECHNOLOGY,2,2303,0,15680
23031,SWORD_WEAPON_RESEARCH,SWORD_WEAPON_RESEARCH_TECHNOLOGY,3,2303,0,18420
23031,SWORD_WEAPON_RESEARCH,SWORD_WEAPON_RESEARCH_TECHNOLOGY,4,2303,0,21780
23031,SWORD_WEAPON_RESEARCH,SWORD_WEAPON_RESEARCH_TECHNOLOGY,5,2303,0,25870
23031,SWORD_WEAPON_RESEARCH,SWORD_WEAPON_RESEARCH_TECHNOLOGY,6,2303,0,30880
23031,SWORD_WEAPON_RESEARCH,SWORD_WEAPON_RESEARCH_TECHNOLOGY,7,2303,0,36990
23031,SWORD_WEAPON_RESEARCH,SWORD_WEAPON_RESEARCH_TECHNOLOGY,8,2303,0,44450
23031,SWORD_WEAPON_RESEARCH,SWORD_WEAPON_RESEARCH_TECHNOLOGY,9,2303,0,53570
23031,SWORD_WEAPON_RESEARCH,SWORD_WEAPON_RESEARCH_TECHNOLOGY,10,2303,0,64710
,,,,,,
23032,BOW_WEAPON_RESEARCH,BOW_WEAPON_RESEARCH_TECHNOLOGY,0,2303,0,
23032,BOW_WEAPON_RESEARCH,BOW_WEAPON_RESEARCH_TECHNOLOGY,1,2303,0,13430
23032,BOW_WEAPON_RESEARCH,BOW_WEAPON_RESEARCH_TECHNOLOGY,2,2303,0,15680
23032,BOW_WEAPON_RESEARCH,BOW_WEAPON_RESEARCH_TECHNOLOGY,3,2303,0,18420
23032,BOW_WEAPON_RESEARCH,BOW_WEAPON_RESEARCH_TECHNOLOGY,4,2303,0,21780
23032,BOW_WEAPON_RESEARCH,BOW_WEAPON_RESEARCH_TECHNOLOGY,5,2303,0,25870
23032,BOW_WEAPON_RESEARCH,BOW_WEAPON_RESEARCH_TECHNOLOGY,6,2303,0,30880
23032,BOW_WEAPON_RESEARCH,BOW_WEAPON_RESEARCH_TECHNOLOGY,7,2303,0,36990
23032,BOW_WEAPON_RESEARCH,BOW_WEAPON_RESEARCH_TECHNOLOGY,8,2303,0,44450
23032,BOW_WEAPON_RESEARCH,BOW_WEAPON_RESEARCH_TECHNOLOGY,9,2303,0,53570
23032,BOW_WEAPON_RESEARCH,BOW_WEAPON_RESEARCH_TECHNOLOGY,10,2303,0,64710
,,,,,,
23033,PIKE_WEAPON_RESEARCH,PIKE_WEAPON_RESEARCH_TECHNOLOGY,0,2303,0,
23033,PIKE_WEAPON_RESEARCH,PIKE_WEAPON_RESEARCH_TECHNOLOGY,1,2303,0,13430
23033,PIKE_WEAPON_RESEARCH,PIKE_WEAPON_RESEARCH_TECHNOLOGY,2,2303,0,15680
23033,PIKE_WEAPON_RESEARCH,PIKE_WEAPON_RESEARCH_TECHNOLOGY,3,2303,0,18420
23033,PIKE_WEAPON_RESEARCH,PIKE_WEAPON_RESEARCH_TECHNOLOGY,4,2303,0,21780
23033,PIKE_WEAPON_RESEARCH,PIKE_WEAPON_RESEARCH_TECHNOLOGY,5,2303,0,25870
23033,PIKE_WEAPON_RESEARCH,PIKE_WEAPON_RESEARCH_TECHNOLOGY,6,2303,0,30880
23033,PIKE_WEAPON_RESEARCH,PIKE_WEAPON_RESEARCH_TECHNOLOGY,7,2303,0,36990
23033,PIKE_WEAPON_RESEARCH,PIKE_WEAPON_RESEARCH_TECHNOLOGY,8,2303,0,44450
23033,PIKE_WEAPON_RESEARCH,PIKE_WEAPON_RESEARCH_TECHNOLOGY,9,2303,0,53570
23033,PIKE_WEAPON_RESEARCH,PIKE_WEAPON_RESEARCH_TECHNOLOGY,10,2303,0,64710
,,,,,,
23034,GLADIATOR_WEAPON_RESEARCH,GLADIATOR_WEAPON_RESEARCH_TECHNOLOGY,0,2303,0,
23034,GLADIATOR_WEAPON_RESEARCH,GLADIATOR_WEAPON_RESEARCH_TECHNOLOGY,1,2303,0,13430
23034,GLADIATOR_WEAPON_RESEARCH,GLADIATOR_WEAPON_RESEARCH_TECHNOLOGY,2,2303,0,15680
23034,GLADIATOR_WEAPON_RESEARCH,GLADIATOR_WEAPON_RESEARCH_TECHNOLOGY,3,2303,0,18420
23034,GLADIATOR_WEAPON_RESEARCH,GLADIATOR_WEAPON_RESEARCH_TECHNOLOGY,4,2303,0,21780
23034,GLADIATOR_WEAPON_RESEARCH,GLADIATOR_WEAPON_RESEARCH_TECHNOLOGY,5,2303,0,25870
23034,GLADIATOR_WEAPON_RESEARCH,GLADIATOR_WEAPON_RESEARCH_TECHNOLOGY,6,2303,0,30880
23034,GLADIATOR_WEAPON_RESEARCH,GLADIATOR_WEAPON_RESEARCH_TECHNOLOGY,7,2303,0,36990
23034,GLADIATOR_WEAPON_RESEARCH,GLADIATOR_WEAPON_RESEARCH_TECHNOLOGY,8,2303,0,44450
23034,GLADIATOR_WEAPON_RESEARCH,GLADIATOR_WEAPON_RESEARCH_TECHNOLOGY,9,2303,0,53570
23034,GLADIATOR_WEAPON_RESEARCH,GLADIATOR_WEAPON_RESEARCH_TECHNOLOGY,10,2303,0,64710
,,,,,,
23035,CAVALRY_WEAPON_RESEARCH,CAVALRY_WEAPON_RESEARCH_TECHNOLOGY,0,2303,0,
23035,CAVALRY_WEAPON_RESEARCH,CAVALRY_WEAPON_RESEARCH_TECHNOLOGY,1,2303,0,13430
23035,CAVALRY_WEAPON_RESEARCH,CAVALRY_WEAPON_RESEARCH_TECHNOLOGY,2,2303,0,15680
23035,CAVALRY_WEAPON_RESEARCH,CAVALRY_WEAPON_RESEARCH_TECHNOLOGY,3,2303,0,18420
23035,CAVALRY_WEAPON_RESEARCH,CAVALRY_WEAPON_RESEARCH_TECHNOLOGY,4,2303,0,21780
23035,CAVALRY_WEAPON_RESEARCH,CAVALRY_WEAPON_RESEARCH_TECHNOLOGY,5,2303,0,25870
23035,CAVALRY_WEAPON_RESEARCH,CAVALRY_WEAPON_RESEARCH_TECHNOLOGY,6,2303,0,30880
23035,CAVALRY_WEAPON_RESEARCH,CAVALRY_WEAPON_RESEARCH_TECHNOLOGY,7,2303,0,36990
23035,CAVALRY_WEAPON_RESEARCH,CAVALRY_WEAPON_RESEARCH_TECHNOLOGY,8,2303,0,44450
23035,CAVALRY_WEAPON_RESEARCH,CAVALRY_WEAPON_RESEARCH_TECHNOLOGY,9,2303,0,53570
23035,CAVALRY_WEAPON_RESEARCH,CAVALRY_WEAPON_RESEARCH_TECHNOLOGY,10,2303,0,64710
,,,,,,
23036,KNIGHT_WEAPON_RESEARCH,KNIGHT_WEAPON_RESEARCH_TECHNOLOGY,0,2303,0,
23036,KNIGHT_WEAPON_RESEARCH,KNIGHT_WEAPON_RESEARCH_TECHNOLOGY,1,2303,0,13430
23036,KNIGHT_WEAPON_RESEARCH,KNIGHT_WEAPON_RESEARCH_TECHNOLOGY,2,2303,0,15680
23036,KNIGHT_WEAPON_RESEARCH,KNIGHT_WEAPON_RESEARCH_TECHNOLOGY,3,2303,0,18420
23036,KNIGHT_WEAPON_RESEARCH,KNIGHT_WEAPON_RESEARCH_TECHNOLOGY,4,2303,0,21780
23036,KNIGHT_WEAPON_RESEARCH,KNIGHT_WEAPON_RESEARCH_TECHNOLOGY,5,2303,0,25870
23036,KNIGHT_WEAPON_RESEARCH,KNIGHT_WEAPON_RESEARCH_TECHNOLOGY,6,2303,0,30880
23036,KNIGHT_WEAPON_RESEARCH,KNIGHT_WEAPON_RESEARCH_TECHNOLOGY,7,2303,0,36990
23036,KNIGHT_WEAPON_RESEARCH,KNIGHT_WEAPON_RESEARCH_TECHNOLOGY,8,2303,0,44450
23036,KNIGHT_WEAPON_RESEARCH,KNIGHT_WEAPON_RESEARCH_TECHNOLOGY,9,2303,0,53570
23036,KNIGHT_WEAPON_RESEARCH,KNIGHT_WEAPON_RESEARCH_TECHNOLOGY,10,2303,0,64710
,,,,,,
23037,HELEPOLIS_WEAPON_RESEARCH,HELEPOLIS_WEAPON_RESEARCH_TECHNOLOGY,0,2303,0,
23037,HELEPOLIS_WEAPON_RESEARCH,HELEPOLIS_WEAPON_RESEARCH_TECHNOLOGY,1,2303,0,13430
23037,HELEPOLIS_WEAPON_RESEARCH,HELEPOLIS_WEAPON_RESEARCH_TECHNOLOGY,2,2303,0,15680
23037,HELEPOLIS_WEAPON_RESEARCH,HELEPOLIS_WEAPON_RESEARCH_TECHNOLOGY,3,2303,0,18420
23037,HELEPOLIS_WEAPON_RESEARCH,HELEPOLIS_WEAPON_RESEARCH_TECHNOLOGY,4,2303,0,21780
23037,HELEPOLIS_WEAPON_RESEARCH,HELEPOLIS_WEAPON_RESEARCH_TECHNOLOGY,5,2303,0,25870
23037,HELEPOLIS_WEAPON_RESEARCH,HELEPOLIS_WEAPON_RESEARCH_TECHNOLOGY,6,2303,0,30880
23037,HELEPOLIS_WEAPON_RESEARCH,HELEPOLIS_WEAPON_RESEARCH_TECHNOLOGY,7,2303,0,36990
23037,HELEPOLIS_WEAPON_RESEARCH,HELEPOLIS_WEAPON_RESEARCH_TECHNOLOGY,8,2303,0,44450
23037,HELEPOLIS_WEAPON_RESEARCH,HELEPOLIS_WEAPON_RESEARCH_TECHNOLOGY,9,2303,0,53570
23037,HELEPOLIS_WEAPON_RESEARCH,HELEPOLIS_WEAPON_RESEARCH_TECHNOLOGY,10,2303,0,64710
,,,,,,
23038,CATAPULT_WEAPON_RESEARCH,CATAPULT_WEAPON_RESEARCH_TECHNOLOGY,0,2303,0,
23038,CATAPULT_WEAPON_RESEARCH,CATAPULT_WEAPON_RESEARCH_TECHNOLOGY,1,2303,0,13430
23038,CATAPULT_WEAPON_RESEARCH,CATAPULT_WEAPON_RESEARCH_TECHNOLOGY,2,2303,0,15680
23038,CATAPULT_WEAPON_RESEARCH,CATAPULT_WEAPON_RESEARCH_TECHNOLOGY,3,2303,0,18420
23038,CATAPULT_WEAPON_RESEARCH,CATAPULT_WEAPON_RESEARCH_TECHNOLOGY,4,2303,0,21780
23038,CATAPULT_WEAPON_RESEARCH,CATAPULT_WEAPON_RESEARCH_TECHNOLOGY,5,2303,0,25870
23038,CATAPULT_WEAPON_RESEARCH,CATAPULT_WEAPON_RESEARCH_TECHNOLOGY,6,2303,0,30880
23038,CATAPULT_WEAPON_RESEARCH,CATAPULT_WEAPON_RESEARCH_TECHNOLOGY,7,2303,0,36990
23038,CATAPULT_WEAPON_RESEARCH,CATAPULT_WEAPON_RESEARCH_TECHNOLOGY,8,2303,0,44450
23038,CATAPULT_WEAPON_RESEARCH,CATAPULT_WEAPON_RESEARCH_TECHNOLOGY,9,2303,0,53570
23038,CATAPULT_WEAPON_RESEARCH,CATAPULT_WEAPON_RESEARCH_TECHNOLOGY,10,2303,0,64710
,,,,,,
,,,,,,
//stable,,,,0,0,
22024,UPKEEP_REDUCE_CAVALRY,UPKEEP_REDUCE_CAVALRY_TECHNOLOGY,0,2202,15,
22024,UPKEEP_REDUCE_CAVALRY,UPKEEP_REDUCE_CAVALRY_TECHNOLOGY,1,2202,15,
22025,UPKEEP_REDUCE_KNIGHT,UPKEEP_REDUCE_KNIGHT_TECHNOLOGY,0,2202,15,
22025,UPKEEP_REDUCE_KNIGHT,UPKEEP_REDUCE_KNIGHT_TECHNOLOGY,1,2202,15,
22026,INSTANT_STABLE,INSTANT_STABLE_TECHNOLOGY,0,2202,0,
22026,INSTANT_STABLE,INSTANT_STABLE_TECHNOLOGY,1,2202,0,
22026,INSTANT_STABLE,INSTANT_STABLE_TECHNOLOGY,2,2202,0,
22026,INSTANT_STABLE,INSTANT_STABLE_TECHNOLOGY,3,2202,0,
22026,INSTANT_STABLE,INSTANT_STABLE_TECHNOLOGY,4,2202,0,
22026,INSTANT_STABLE,INSTANT_STABLE_TECHNOLOGY,5,2202,0,
22026,INSTANT_STABLE,INSTANT_STABLE_TECHNOLOGY,6,2202,0,
22026,INSTANT_STABLE,INSTANT_STABLE_TECHNOLOGY,7,2202,0,
22026,INSTANT_STABLE,INSTANT_STABLE_TECHNOLOGY,8,2202,0,
22026,INSTANT_STABLE,INSTANT_STABLE_TECHNOLOGY,9,2202,0,
22026,INSTANT_STABLE,INSTANT_STABLE_TECHNOLOGY,10,2202,0,
,,,,,,
//university,,,,,,
23011,ARCHERY_RESEARCH,ARCHERY_RESEARCH_TECHNOLOGY,0,2301,1,
23011,ARCHERY_RESEARCH,ARCHERY_RESEARCH_TECHNOLOGY,1,2301,1,
23012,SPIKE_BARRICADE,SPIKE_BARRICADE_TECHNOLOGY,0,2301,4,
23012,SPIKE_BARRICADE,SPIKE_BARRICADE_TECHNOLOGY,1,2301,4,
23012,SPIKE_BARRICADE,SPIKE_BARRICADE_TECHNOLOGY,2,2301,8,
23012,SPIKE_BARRICADE,SPIKE_BARRICADE_TECHNOLOGY,3,2301,12,
23012,SPIKE_BARRICADE,SPIKE_BARRICADE_TECHNOLOGY,4,2301,15,
23013,HANZO_SWORD,HANZO_SWORD_TECHNOLOGY,0,2301,5,
23013,HANZO_SWORD,HANZO_SWORD_TECHNOLOGY,1,2301,5,
23013,HANZO_SWORD,HANZO_SWORD_TECHNOLOGY,2,2301,9,
23013,HANZO_SWORD,HANZO_SWORD_TECHNOLOGY,3,2301,13,
23014,BOW_RESEARCH,BOW_RESEARCH_TECHNOLOGY,0,2301,6,
23014,BOW_RESEARCH,BOW_RESEARCH_TECHNOLOGY,1,2301,6,
23014,BOW_RESEARCH,BOW_RESEARCH_TECHNOLOGY,2,2301,10,
23014,BOW_RESEARCH,BOW_RESEARCH_TECHNOLOGY,3,2301,14,
23015,HIPPOSANDAL,HIPPOSANDAL_TECHNOLOGY,0,2301,7,
23015,HIPPOSANDAL,HIPPOSANDAL_TECHNOLOGY,1,2301,7,
23015,HIPPOSANDAL,HIPPOSANDAL_TECHNOLOGY,2,2301,10,
23015,HIPPOSANDAL,HIPPOSANDAL_TECHNOLOGY,3,2301,13,
,,,,,,
,,,,,,
// lumbermill,,,,,,
21071,ATTIC_STORAGE,ATTIC_STORAGE_TECHNOLOGY,0,2107,8,
21071,ATTIC_STORAGE,ATTIC_STORAGE_TECHNOLOGY,1,2107,8,
21071,ATTIC_STORAGE,ATTIC_STORAGE_TECHNOLOGY,2,2107,9,
21071,ATTIC_STORAGE,ATTIC_STORAGE_TECHNOLOGY,3,2107,10,
21071,ATTIC_STORAGE,ATTIC_STORAGE_TECHNOLOGY,4,2107,11,
21071,ATTIC_STORAGE,ATTIC_STORAGE_TECHNOLOGY,5,2107,12,
21071,ATTIC_STORAGE,ATTIC_STORAGE_TECHNOLOGY,6,2107,13,
21071,ATTIC_STORAGE,ATTIC_STORAGE_TECHNOLOGY,7,2107,14,
21071,ATTIC_STORAGE,ATTIC_STORAGE_TECHNOLOGY,8,2107,15,
,,,,,,
//training ground,,,,,,
22011,FIVE_FOR_FOUR,FIVE_FOR_FOUR_TECHNOLOGY,0,2201,6,
22011,FIVE_FOR_FOUR,FIVE_FOR_FOUR_TECHNOLOGY,1,2201,6,
22012,FOUR_FOR_THREE,FOUR_FOR_THREE_TECHNOLOGY,0,2201,9,
22012,FOUR_FOR_THREE,FOUR_FOR_THREE_TECHNOLOGY,1,2201,9,
22013,THREE_FOR_TWO,THREE_FOR_TWO_TECHNOLOGY,0,2201,12,
22013,THREE_FOR_TWO,THREE_FOR_TWO_TECHNOLOGY,1,2201,12,
22014,TWO_FOR_ONE,TWO_FOR_ONE_TECHNOLOGY,0,2201,15,
22014,TWO_FOR_ONE,TWO_FOR_ONE_TECHNOLOGY,1,2201,15,
22015,BASIC_TRAINING,BASIC_TRAINING_TECHNOLOGY,0,2201,0,
22015,BASIC_TRAINING,BASIC_TRAINING_TECHNOLOGY,1,2201,1,
22016,UPKEEP_REDUCE_FIGHTER,UPKEEP_REDUCE_FIGHTER_TECHNOLOGY,0,2201,15,
22016,UPKEEP_REDUCE_FIGHTER,UPKEEP_REDUCE_FIGHTER_TECHNOLOGY,1,2201,15,
22017,UPKEEP_REDUCE_BOWMAN,UPKEEP_REDUCE_BOWMAN_TECHNOLOGY,0,2201,15,
22017,UPKEEP_REDUCE_BOWMAN,UPKEEP_REDUCE_BOWMAN_TECHNOLOGY,1,2201,15,
22018,INSTANT_TRAINING_GROUND,INSTANT_TRAINING_GROUND_TECHNOLOGY,0,2201,0,
22018,INSTANT_TRAINING_GROUND,INSTANT_TRAINING_GROUND_TECHNOLOGY,1,2201,0,
22018,INSTANT_TRAINING_GROUND,INSTANT_TRAINING_GROUND_TECHNOLOGY,2,2201,0,
22018,INSTANT_TRAINING_GROUND,INSTANT_TRAINING_GROUND_TECHNOLOGY,3,2201,0,
22018,INSTANT_TRAINING_GROUND,INSTANT_TRAINING_GROUND_TECHNOLOGY,4,2201,0,
22018,INSTANT_TRAINING_GROUND,INSTANT_TRAINING_GROUND_TECHNOLOGY,5,2201,0,
22018,INSTANT_TRAINING_GROUND,INSTANT_TRAINING_GROUND_TECHNOLOGY,6,2201,0,
22018,INSTANT_TRAINING_GROUND,INSTANT_TRAINING_GROUND_TECHNOLOGY,7,2201,0,
22018,INSTANT_TRAINING_GROUND,INSTANT_TRAINING_GROUND_TECHNOLOGY,8,2201,0,
22018,INSTANT_TRAINING_GROUND,INSTANT_TRAINING_GROUND_TECHNOLOGY,9,2201,0,
22018,INSTANT_TRAINING_GROUND,INSTANT_TRAINING_GROUND_TECHNOLOGY,10,2201,0,
,,,,,,
//tribal_festival,,,,,,
30021,HAPPYHOUR,HAPPYHOUR_TECHNOLOGY,0,3002,1,
30021,HAPPYHOUR,HAPPYHOUR_TECHNOLOGY,1,3002,1,
,,,,,,
//trading post,,,,,,
25011,REINVENT_WHEEL,REINVENT_WHEEL_TECHNOLOGY,0,2501,3,
25011,REINVENT_WHEEL,REINVENT_WHEEL_TECHNOLOGY,1,2501,4,
25011,REINVENT_WHEEL,REINVENT_WHEEL_TECHNOLOGY,2,2501,6,
25011,REINVENT_WHEEL,REINVENT_WHEEL_TECHNOLOGY,3,2501,8,
25011,REINVENT_WHEEL,REINVENT_WHEEL_TECHNOLOGY,4,2501,10,
25011,REINVENT_WHEEL,REINVENT_WHEEL_TECHNOLOGY,5,2501,12,
,,,,,,
//market,,,,,,
25021,GREED_IS_GOOD,GREED_IS_GOOD_TECHNOLOGY,0,2502,6,
25021,GREED_IS_GOOD,GREED_IS_GOOD_TECHNOLOGY,1,2502,6,
25021,GREED_IS_GOOD,GREED_IS_GOOD_TECHNOLOGY,2,2502,7,
25021,GREED_IS_GOOD,GREED_IS_GOOD_TECHNOLOGY,3,2502,8,
25021,GREED_IS_GOOD,GREED_IS_GOOD_TECHNOLOGY,4,2502,9,
25021,GREED_IS_GOOD,GREED_IS_GOOD_TECHNOLOGY,5,2502,10,
,,,,,,
//farm,,,,,,
21061,SUNDANCE,SUNDANCE_TECHNOLOGY,0,2106,7,
21061,SUNDANCE,SUNDANCE_TECHNOLOGY,1,2106,7,
21061,SUNDANCE,SUNDANCE_TECHNOLOGY,2,2106,9,
21061,SUNDANCE,SUNDANCE_TECHNOLOGY,3,2106,11,
21061,SUNDANCE,SUNDANCE_TECHNOLOGY,4,2106,13,
21061,SUNDANCE,SUNDANCE_TECHNOLOGY,5,2106,15,
,,,,,,
//Workshop,,,,,,
22031,WEAPON_EXPORT,WEAPON_EXPORT_TECHNOLOGY,0,2203,5,
22031,WEAPON_EXPORT,WEAPON_EXPORT_TECHNOLOGY,1,2203,5,
22031,WEAPON_EXPORT,WEAPON_EXPORT_TECHNOLOGY,2,2203,7,
22031,WEAPON_EXPORT,WEAPON_EXPORT_TECHNOLOGY,3,2203,9,
22031,WEAPON_EXPORT,WEAPON_EXPORT_TECHNOLOGY,4,2203,11,
22031,WEAPON_EXPORT,WEAPON_EXPORT_TECHNOLOGY,5,2203,13,
22032,UPKEEP_REDUCE_HELEPOLIS,UPKEEP_REDUCE_HELEPOLIS_TECHNOLOGY,0,2203,15,
22032,UPKEEP_REDUCE_HELEPOLIS,UPKEEP_REDUCE_HELEPOLIS_TECHNOLOGY,1,2203,15,
22033,UPKEEP_REDUCE_CATAPULT,UPKEEP_REDUCE_CATAPULT_TECHNOLOGY,0,2203,15,
22033,UPKEEP_REDUCE_CATAPULT,UPKEEP_REDUCE_CATAPULT_TECHNOLOGY,1,2203,15,
22034,INSTANT_WORKSHOP,INSTANT_WORKSHOP_TECHNOLOGY,0,2203,0,
22034,INSTANT_WORKSHOP,INSTANT_WORKSHOP_TECHNOLOGY,1,2203,0,
22034,INSTANT_WORKSHOP,INSTANT_WORKSHOP_TECHNOLOGY,2,2203,0,
22034,INSTANT_WORKSHOP,INSTANT_WORKSHOP_TECHNOLOGY,3,2203,0,
22034,INSTANT_WORKSHOP,INSTANT_WORKSHOP_TECHNOLOGY,4,2203,0,
22034,INSTANT_WORKSHOP,INSTANT_WORKSHOP_TECHNOLOGY,5,2203,0,
22034,INSTANT_WORKSHOP,INSTANT_WORKSHOP_TECHNOLOGY,6,2203,0,
22034,INSTANT_WORKSHOP,INSTANT_WORKSHOP_TECHNOLOGY,7,2203,0,
22034,INSTANT_WORKSHOP,INSTANT_WORKSHOP_TECHNOLOGY,8,2203,0,
22034,INSTANT_WORKSHOP,INSTANT_WORKSHOP_TECHNOLOGY,9,2203,0,
22034,INSTANT_WORKSHOP,INSTANT_WORKSHOP_TECHNOLOGY,10,2203,0,
,,,,,,
//old barrack,,,,,,
22041,RUSH_ATTACK,RUSH_ATTACK_TECHNOLOGY,0,2501,6,
22041,RUSH_ATTACK,RUSH_ATTACK_TECHNOLOGY,1,2501,6,
22041,RUSH_ATTACK,RUSH_ATTACK_TECHNOLOGY,2,2501,8,
22041,RUSH_ATTACK,RUSH_ATTACK_TECHNOLOGY,3,2501,10,
22041,RUSH_ATTACK,RUSH_ATTACK_TECHNOLOGY,4,2501,12,
22041,RUSH_ATTACK,RUSH_ATTACK_TECHNOLOGY,5,2501,14,
22042,RUSH_DEFENSE,RUSH_DEFENSE_TECHNOLOGY,0,2501,6,
22042,RUSH_DEFENSE,RUSH_DEFENSE_TECHNOLOGY,1,2501,6,
22042,RUSH_DEFENSE,RUSH_DEFENSE_TECHNOLOGY,2,2501,8,
22042,RUSH_DEFENSE,RUSH_DEFENSE_TECHNOLOGY,3,2501,10,
22042,RUSH_DEFENSE,RUSH_DEFENSE_TECHNOLOGY,4,2501,12,
22042,RUSH_DEFENSE,RUSH_DEFENSE_TECHNOLOGY,5,2501,14,
22043,LAST_STAND,LAST_STAND_TECHNOLOGY,0,2204,7,
22043,LAST_STAND,LAST_STAND_TECHNOLOGY,1,2204,7,
22043,LAST_STAND,LAST_STAND_TECHNOLOGY,2,2204,8,
22043,LAST_STAND,LAST_STAND_TECHNOLOGY,3,2204,9,
22043,LAST_STAND,LAST_STAND_TECHNOLOGY,4,2204,10,
22043,LAST_STAND,LAST_STAND_TECHNOLOGY,5,2204,11,
,,,,,,
//barrack,,,,,,
22044,UPKEEP_REDUCE_SWORDSMAN,UPKEEP_REDUCE_SWORDSMAN_TECHNOLOGY,0,2204,15,
22044,UPKEEP_REDUCE_SWORDSMAN,UPKEEP_REDUCE_SWORDSMAN_TECHNOLOGY,1,2204,15,
22045,UPKEEP_REDUCE_ARCHER,UPKEEP_REDUCE_ARCHER_TECHNOLOGY,0,2204,15,
22045,UPKEEP_REDUCE_ARCHER,UPKEEP_REDUCE_ARCHER_TECHNOLOGY,1,2204,15,
22046,UPKEEP_REDUCE_PIKEMAN,UPKEEP_REDUCE_PIKEMAN_TECHNOLOGY,0,2204,15,
22046,UPKEEP_REDUCE_PIKEMAN,UPKEEP_REDUCE_PIKEMAN_TECHNOLOGY,1,2204,15,
22047,UPKEEP_REDUCE_GLADIATOR,UPKEEP_REDUCE_GLADIATOR_TECHNOLOGY,0,2204,15,
22047,UPKEEP_REDUCE_GLADIATOR,UPKEEP_REDUCE_GLADIATOR_TECHNOLOGY,1,2204,15,
22048,INSTANT_BARRACK,INSTANT_BARRACK_TECHNOLOGY,0,2204,0,
22048,INSTANT_BARRACK,INSTANT_BARRACK_TECHNOLOGY,1,2204,0,
22048,INSTANT_BARRACK,INSTANT_BARRACK_TECHNOLOGY,2,2204,0,
22048,INSTANT_BARRACK,INSTANT_BARRACK_TECHNOLOGY,3,2204,0,
22048,INSTANT_BARRACK,INSTANT_BARRACK_TECHNOLOGY,4,2204,0,
22048,INSTANT_BARRACK,INSTANT_BARRACK_TECHNOLOGY,5,2204,0,
22048,INSTANT_BARRACK,INSTANT_BARRACK_TECHNOLOGY,6,2204,0,
22048,INSTANT_BARRACK,INSTANT_BARRACK_TECHNOLOGY,7,2204,0,
22048,INSTANT_BARRACK,INSTANT_BARRACK_TECHNOLOGY,8,2204,0,
22048,INSTANT_BARRACK,INSTANT_BARRACK_TECHNOLOGY,9,2204,0,
22048,INSTANT_BARRACK,INSTANT_BARRACK_TECHNOLOGY,10,2204,0,
,,,,,,
// cranny,,,,,,
30131,INSTANT_BUILD,INSTANT_BUILD_TECHNOLOGY,0,3013,0,
30131,INSTANT_BUILD,INSTANT_BUILD_TECHNOLOGY,1,3013,0,
