Name,Type,Lvl,Class,SpriteClass,Hp,Atk,Splash,Def,Radius,Stl,Rng,Spd,Gold,Crop,Wood,Iron,Labor,Time,Worker,Weapon,WpnClass,Armor,ArmrClass,MaxLabor,Size
,,,,,,,,,,,,,,,,,,,,,,,,,
//,,Building Template,,,,,,,,,,,,,,,,,,,,,,,
//,,Military,,Highdef,50,0.60,2,0.40,0,4,1,0,,,,,,,,,,,,
//,,Production,,High Stealth,40,0.60,1,0.40,0,4,1,0,,,,,,,,,,,,
//,,Commercial,,Mid,55,0.60,1,0.40,0,4,1,0,,,,,,,,,,,,
//,,Main,,High HP,80,0.60,1,0.40,0,4,1,0,,,,,,,,,,,,
//,,Tower,,,150,2.00,1,1.00,0,2,2,0,,,,,,,,,,,,
//,,Basement,,,35,0.30,1,0.40,0,4,1,0,,,,,,,,,,,,
//,,,,,,,,,,,,,,,,,,,,,,,,,
//,Building Strength,,,,,,,,,Calculator,,,,,,,,,,,,,,,
//,Level,Equivalent,Bonus,,,,,,Lvls,Exp rate,Init Value,Final Value,,,,,,,,,,,,,
//,0,0,0,,,,,,20,0.1,1000,21000,,,,,,,,,,,,
//,1,20,0,,,,,,,,,,,,,,,,,,,,,,
//,2,23,3,,,,,,,Level,value,Rounded(0),Rounded(-1),Time in Min,Time in 5,,,,,,,,,,
//,3,28,8,,,,,,,1,1000.00,1000,1000,16:40,1000,,,,,,,,,
//,4,34,14,,,,,,,2,1346.07,1346,1350,22:30,1730,,,,,,,,,
//,5,39,19,,,,,,,3,1728.53,1729,1730,28:50,2620,,,,,,,,,
//,6,45,25,,,,,,,4,2151.21,2151,2150,35:50,3710,,,,,,,,,
//,7,52,32,,,,,,,5,2618.35,2618,2620,43:40,5030,,,,,,,,,
//,8,59,39,,,,,,,6,3134.62,3135,3130,52:10,,,,,,,,,,
//,9,67,47,,,,,,,7,3705.19,3705,3710,1:01:50,,,,,,,,,,
//,10,76,56,,,,,,,8,4335.76,4336,4340,1:12:20,,,,,,,,,,
//,11,85,65,,,,,,,9,5032.65,5033,5030,1:23:50,,,,,,,,,,
//,12,95,75,,,,,,,10,5802.84,5803,5800,1:36:40,,,,,,,,,,
//,13,106,86,,,,,,,11,6654.02,6654,6650,1:50:50,,,,,,,,,,
//,14,117,97,,,,,,,12,7594.73,7595,7590,2:06:30,,,,,,,,,,
//,15,130,110,,,,,,,13,8634.37,8634,8630,2:23:50,,,,,,,,,,
//,,,,,,,,,,14,9783.35,9783,9780,2:43:00,,,,,,,,,,
//,,,,,,,,,,15,11053.16,11053,11050,3:04:10,,,,,,,,,,
,,,,,,,,,,16,12456.53,12457,12460,3:27:40,,,,,,,,,,
,,,,,,,,,,17,14007.49,14007,14010,3:53:30,,,,,,,,,,
,,,,,,,,,,18,15721.57,15722,15720,4:22:00,,,,,,,,,,
,,,,,,,,,,19,17615.91,17616,17620,4:53:40,,,,,,,,,,
,,,,,,,,,,20,19709.49,19709,19710,5:28:30,,,,,,,,,,
,,,,,,,,,,,,,,,,,,,,,,,,,
//Name,Type,Lvl,Class,SpriteClass,Hp,Atk,Matk,Def,Radius,Stl,Rng,Spd,Gold,Crop,Wood,Iron,Labor,Time,Worker,Weapon,WpnClass,Armor,ArmrClass,MaxLabor,
,,,,,,,,,,,,,,,,,,,,,,,,,
//,Max Level,15,,,,,,,,Exp rate,Init Value,Final Value,Init Time,Final Time,,,,,,,,,,,
//,Start Level,1,,,,,Gold,,,0.4,-5,8000,,,,,,,,,,,,,
//,Type,Main,,,,,Crop,,,0.35,120,20000,,,,,,,,,,,,,
//,,,,,,,wood,,,0.25,150,11280,,,,,,,,,,,,,
//,,,,,,,Iron,,,0.1,-10,2000,,,,,,,,,,,,,
//,,,,,,,Labor,,,0,0,0,,,,,,,,,,,,,
//,,,,,,,Time,,,0.1,900,118800,15:00,33:00:00,,,,,,,,,,,
,,,,,,,,,,,,,,,,,,,,,,,,,
TOWNCENTER,2000,0,STRUCTURE,DEFAULT_BUILDING_3,500,0,0,0,0,0,0,0,0,0,0,0,0,0,0,Barricade,Basic,Building3,Stone,0,3
TOWNCENTER,2000,1,STRUCTURE,TOWNCENTER_STRUCTURE,1600,12,1,8,0,4,1,0,0,0,0,0,0,43200,0,Barricade,Basic,Building3,Stone,0,3
TOWNCENTER,2000,2,STRUCTURE,TOWNCENTER_STRUCTURE,1840,14,1,9,0,4,1,0,0,180,250,0,0,65,0,Barricade,Basic,Building3,Stone,0,3
TOWNCENTER,2000,3,STRUCTURE,TOWNCENTER_STRUCTURE,2240,17,1,11,0,4,1,0,0,270,370,0,0,1800,0,Barricade,Basic,Building3,Stone,0,3
TOWNCENTER,2000,4,STRUCTURE,TOWNCENTER_STRUCTURE,2720,20,1,14,0,4,1,0,0,400,540,0,0,11200,0,Barricade,Basic,Building3,Stone,0,3
TOWNCENTER,2000,5,STRUCTURE,TOWNCENTER_STRUCTURE,3120,23,1,16,0,4,1,0,0,580,740,0,0,15400,0,Barricade,Basic,Building3,Stone,0,3
TOWNCENTER,2000,6,STRUCTURE,TOWNCENTER_STRUCTURE,3600,27,1,18,0,4,1,0,70,830,1010,0,0,20000,0,Barricade,Basic,Building3,Stone,0,3
TOWNCENTER,2000,7,STRUCTURE,TOWNCENTER_STRUCTURE,4160,31,1,21,0,4,1,0,180,1190,1350,0,0,25200,0,Barricade,Basic,Building3,Stone,0,3
TOWNCENTER,2000,8,STRUCTURE,TOWNCENTER_STRUCTURE,4720,35,1,24,0,4,1,0,340,1710,1790,0,0,30800,0,Barricade,Basic,Building3,Stone,0,3
TOWNCENTER,2000,9,STRUCTURE,TOWNCENTER_STRUCTURE,5360,40,1,27,0,4,1,0,580,2430,2360,0,0,37100,0,Barricade,Basic,Building3,Stone,0,3
TOWNCENTER,2000,10,STRUCTURE,TOWNCENTER_STRUCTURE,6080,46,1,30,0,4,1,0,940,3470,3080,0,0,44000,0,Barricade,Basic,Building3,Stone,0,3
TOWNCENTER,2000,11,STRUCTURE,TOWNCENTER_STRUCTURE,6800,51,1,34,0,4,1,0,1470,4930,4010,130,0,51600,0,Barricade,Basic,Building3,Stone,0,3
TOWNCENTER,2000,12,STRUCTURE,TOWNCENTER_STRUCTURE,7600,57,1,38,0,4,1,0,2260,7010,5200,270,0,60100,0,Barricade,Basic,Building3,Stone,0,3
TOWNCENTER,2000,13,STRUCTURE,TOWNCENTER_STRUCTURE,8480,64,1,42,0,4,1,0,3450,9960,6740,420,0,69400,0,Barricade,Basic,Building3,Stone,0,3
TOWNCENTER,2000,14,STRUCTURE,TOWNCENTER_STRUCTURE,9360,70,1,47,0,4,1,0,5220,14150,8710,600,0,79700,0,Barricade,Basic,Building3,Stone,0,3
TOWNCENTER,2000,15,STRUCTURE,TOWNCENTER_STRUCTURE,10400,78,1,52,0,4,1,0,7850,20090,11230,790,0,91100,0,Barricade,Basic,Building3,Stone,0,3
,,,,,,,,,,,,,,,,,,,,,,,,,
//,Max Level,15,,,,,,,,Exp rate,Init Value,Final Value,Init Time,Final Time,,,,,,,,,,,
//,Start Level,1,,,,,Gold,,,0.4,-7,5000,,,,,,,,,,,,,
//,Type,Production,,,,,Crop,,,0.25,70,8000,,,,,,,,,,,,,
//,,,,,,,wood,,,0.23,80,12000,,,,,,,,,,,,,
//,,,,,,,Iron,,,0.15,-9,1000,,,,,,,,,,,,,
//,,,,,,,Labor,,,0,0,0,,,,,,,,,,,,,
//,,,,,,,Time,,,0.28,300,118800,5:00,33:00:00,,,,,,,,,,,
//,,,,,,,MaxLabor,,,0.025,20,1000,,,,,,,,,,,,,
,,,,,,,,,,,,,,,,,,,,,,,,,
FARM,2106,0,STRUCTURE,DEFAULT_BUILDING_1,500,0,0,0,0,0,0,0,0,0,0,0,0,0,0,Barricade,Basic,Building3,Stone,0,1
FARM,2106,1,STRUCTURE,FARM_STRUCTURE,800,12,1,8,0,4,1,0,0,70,80,0,0,25,0,Barricade,Basic,Building3,Stone,20,1
FARM,2106,2,STRUCTURE,FARM_STRUCTURE,920,14,1,9,0,4,1,0,0,140,200,0,0,295,0,Barricade,Basic,Building3,Stone,38,1
FARM,2106,3,STRUCTURE,FARM_STRUCTURE,1120,17,1,11,0,4,1,0,0,230,360,0,0,1200,0,Barricade,Basic,Building3,Stone,57,1
FARM,2106,4,STRUCTURE,FARM_STRUCTURE,1360,20,1,14,0,4,1,0,0,340,560,0,0,3410,0,Barricade,Basic,Building3,Stone,76,1
FARM,2106,5,STRUCTURE,FARM_STRUCTURE,1560,23,1,16,0,4,1,0,0,490,810,0,0,5180,0,Barricade,Basic,Building3,Stone,96,1
FARM,2106,6,STRUCTURE,FARM_STRUCTURE,1800,27,1,18,0,4,1,0,0,680,1120,0,0,7520,0,Barricade,Basic,Building3,Stone,116,1
FARM,2106,7,STRUCTURE,FARM_STRUCTURE,2080,31,1,21,0,4,1,0,0,920,1520,0,0,10620,0,Barricade,Basic,Building3,Stone,136,1
FARM,2106,8,STRUCTURE,FARM_STRUCTURE,2360,35,1,24,0,4,1,0,100,1230,2010,0,0,14710,0,Barricade,Basic,Building3,Stone,157,1
FARM,2106,9,STRUCTURE,FARM_STRUCTURE,2680,40,1,27,0,4,1,0,250,1630,2640,0,0,20130,0,Barricade,Basic,Building3,Stone,179,1
FARM,2106,10,STRUCTURE,FARM_STRUCTURE,3040,46,1,30,0,4,1,0,470,2140,3420,70,0,27310,0,Barricade,Basic,Building3,Stone,201,1
FARM,2106,11,STRUCTURE,FARM_STRUCTURE,3400,51,1,34,0,4,1,0,810,2800,4410,140,0,36800,0,Barricade,Basic,Building3,Stone,224,1
FARM,2106,12,STRUCTURE,FARM_STRUCTURE,3800,57,1,38,0,4,1,0,1300,3640,5660,230,0,49350,0,Barricade,Basic,Building3,Stone,248,1
FARM,2106,13,STRUCTURE,FARM_STRUCTURE,4240,64,1,42,0,4,1,0,2040,4720,7220,330,0,65970,0,Barricade,Basic,Building3,Stone,271,1
FARM,2106,14,STRUCTURE,FARM_STRUCTURE,4680,70,1,47,0,4,1,0,3150,6110,9200,450,0,87950,0,Barricade,Basic,Building3,Stone,296,1
FARM,2106,15,STRUCTURE,FARM_STRUCTURE,5200,78,1,52,0,4,1,0,4800,7900,11680,590,0,117040,0,Barricade,Basic,Building3,Stone,321,1
,,,,,,,,,,,,,,,,,,,,,,,,,
//,Max Level,15,,,,,,,,Exp rate,Init Value,Final Value,Init Time,Final Time,,,,,,,,,,,
//,Start Level,1,,,,,Gold,,,0.15,-7,4000,,,,,,,,,,,,,
//,Type,Production,,,,,Crop,,,0.25,90,12000,,,,,,,,,,,,,
//,,,,,,,wood,,,0.28,55,9000,,,,,,,,,,,,,
//,,,,,,,Iron,,,0.15,-9,2000,,,,,,,,,,,,,
//,,,,,,,Labor,,,0,0,0,,,,,,,,,,,,,
//,,,,,,,Time,,,0.28,300,118800,5:00,33:00:00,,,,,,,,,,,
,,,,,,,,,,,,,,,,,,,,,,,,,
LUMBERMILL,2107,0,STRUCTURE,DEFAULT_BUILDING_1,500,0,0,0,0,0,0,0,0,0,0,0,0,0,0,Barricade,Basic,Building3,Stone,0,1
LUMBERMILL,2107,1,STRUCTURE,LUMBERMILL_STRUCTURE,800,12,1,8,0,4,1,0,0,90,60,0,0,25,0,Barricade,Basic,Building3,Stone,0,1
LUMBERMILL,2107,2,STRUCTURE,LUMBERMILL_STRUCTURE,920,14,1,9,0,4,1,0,0,190,110,0,0,295,0,Barricade,Basic,Building3,Stone,0,1
LUMBERMILL,2107,3,STRUCTURE,LUMBERMILL_STRUCTURE,1120,17,1,11,0,4,1,0,0,330,190,0,0,1200,0,Barricade,Basic,Building3,Stone,0,1
LUMBERMILL,2107,4,STRUCTURE,LUMBERMILL_STRUCTURE,1360,20,1,14,0,4,1,0,0,500,290,0,0,3410,0,Barricade,Basic,Building3,Stone,0,1
LUMBERMILL,2107,5,STRUCTURE,LUMBERMILL_STRUCTURE,1560,23,1,16,0,4,1,0,0,720,430,0,0,5180,0,Barricade,Basic,Building3,Stone,0,1
LUMBERMILL,2107,6,STRUCTURE,LUMBERMILL_STRUCTURE,1800,27,1,18,0,4,1,0,0,1000,600,0,0,7520,0,Barricade,Basic,Building3,Stone,0,1
LUMBERMILL,2107,7,STRUCTURE,LUMBERMILL_STRUCTURE,2080,31,1,21,0,4,1,0,0,1360,840,0,0,10620,0,Barricade,Basic,Building3,Stone,0,1
LUMBERMILL,2107,8,STRUCTURE,LUMBERMILL_STRUCTURE,2360,35,1,24,0,4,1,0,190,1830,1150,0,0,14710,0,Barricade,Basic,Building3,Stone,0,1
LUMBERMILL,2107,9,STRUCTURE,LUMBERMILL_STRUCTURE,2680,40,1,27,0,4,1,0,420,2420,1560,0,0,20130,0,Barricade,Basic,Building3,Stone,0,1
LUMBERMILL,2107,10,STRUCTURE,LUMBERMILL_STRUCTURE,3040,46,1,30,0,4,1,0,680,3190,2110,130,0,27310,0,Barricade,Basic,Building3,Stone,0,1
LUMBERMILL,2107,11,STRUCTURE,LUMBERMILL_STRUCTURE,3400,51,1,34,0,4,1,0,990,4170,2830,280,0,36800,0,Barricade,Basic,Building3,Stone,0,1
LUMBERMILL,2107,12,STRUCTURE,LUMBERMILL_STRUCTURE,3800,57,1,38,0,4,1,0,1350,5440,3780,460,0,49350,0,Barricade,Basic,Building3,Stone,0,1
LUMBERMILL,2107,13,STRUCTURE,LUMBERMILL_STRUCTURE,4240,64,1,42,0,4,1,0,1760,7060,5050,670,0,65970,0,Barricade,Basic,Building3,Stone,0,1
LUMBERMILL,2107,14,STRUCTURE,LUMBERMILL_STRUCTURE,4680,70,1,47,0,4,1,0,2240,9140,6720,910,0,87950,0,Barricade,Basic,Building3,Stone,0,1
LUMBERMILL,2107,15,STRUCTURE,LUMBERMILL_STRUCTURE,5200,78,1,52,0,4,1,0,2800,11810,8930,1190,0,117040,0,Barricade,Basic,Building3,Stone,0,1
,,,,,,,,,,,,,,,,,,,,,,,,,
FORESTCAMP,2108,0,STRUCTURE,DEFAULT_BUILDING_1,500,0,0,0,0,0,0,0,0,0,0,0,0,0,0,Barricade,Basic,Building3,Stone,0,1
FORESTCAMP,2108,1,STRUCTURE,FOREST_CAMP_STRUCTURE,1000,0,0,0,0,0,0,0,0,0,0,0,0,300,0,Barricade,Basic,Building3,Stone,0,1
,,,,,,,,,,,,,,,,,,,,,,,,,
//,Max Level,10,,,,,,,,Exp rate,Init Value,Final Value,Init Time,Final Time,,,,,,,,,,,
//,Start Level,3,,,,,Gold,,,0.05,-2,8000,,,,,,,,,,,,,
//,Type,Main,,,,,Crop,,,0.2,220,20000,,,,,,,,,,,,,
//,,,,,,,wood,,,0.2,290,26000,,,,,,,,,,,,,
//,,,,,,,Iron,,,0.15,-6,4000,,,,,,,,,,,,,
//,,,,,,,Labor,,,0,0,0,,,,,,,,,,,,,
//,,,,,,,Time,,,0.2,4050,199800,1:07:30,55:30:00,,,,,,,,,,,
,,,,,,,,,,,,,,,,,,,,,,,,,
FOUNDRY,2110,0,STRUCTURE,DEFAULT_BUILDING_1,500,0,0,0,0,0,0,0,0,0,0,0,0,0,0,Barricade,Basic,Building3,Stone,0,1
FOUNDRY,2110,1,STRUCTURE,FOUNDRY_STRUCTURE,2240,17,1,11,0,4,1,0,0,220,290,0,0,4050,0,Barricade,Basic,Building3,Stone,10,1
FOUNDRY,2110,2,STRUCTURE,FOUNDRY_STRUCTURE,2480,19,1,12,0,4,1,0,0,490,640,0,0,6790,0,Barricade,Basic,Building3,Stone,17,1
FOUNDRY,2110,3,STRUCTURE,FOUNDRY_STRUCTURE,2880,22,1,14,0,4,1,0,210,820,1080,0,0,10150,0,Barricade,Basic,Building3,Stone,24,1
FOUNDRY,2110,4,STRUCTURE,FOUNDRY_STRUCTURE,3360,25,1,17,0,4,1,0,440,1230,1600,0,0,14240,0,Barricade,Basic,Building3,Stone,33,1
FOUNDRY,2110,5,STRUCTURE,FOUNDRY_STRUCTURE,3760,28,1,19,0,4,1,0,680,1730,2250,0,0,19240,0,Barricade,Basic,Building3,Stone,42,1
FOUNDRY,2110,6,STRUCTURE,FOUNDRY_STRUCTURE,4240,32,1,21,0,4,1,0,920,2330,3040,0,0,25350,0,Barricade,Basic,Building3,Stone,52,1
FOUNDRY,2110,7,STRUCTURE,FOUNDRY_STRUCTURE,4800,36,1,24,0,4,1,0,1190,3070,4000,170,0,32810,0,Barricade,Basic,Building3,Stone,63,1
FOUNDRY,2110,8,STRUCTURE,FOUNDRY_STRUCTURE,5360,40,1,27,0,4,1,0,1460,3980,5170,360,0,41920,0,Barricade,Basic,Building3,Stone,76,1
FOUNDRY,2110,9,STRUCTURE,FOUNDRY_STRUCTURE,6000,45,1,30,0,4,1,0,1750,5080,6610,590,0,53050,0,Barricade,Basic,Building3,Stone,90,1
FOUNDRY,2110,10,STRUCTURE,FOUNDRY_STRUCTURE,6720,50,1,34,0,4,1,0,2050,6430,8360,850,0,66650,0,Barricade,Basic,Building3,Stone,105,1
,,,,,,,,,,,,,,,,,,,,,,,,,
//,Max Level,15,,,,,,,,Exp rate,Init Value,Final Value,Init Time,Final Time,,,,,,,,,,,
//,Start Level,7,,,,,Gold,,,0.2,800,9000,,,,,,,,,,,,,
//,Type,Production,,,,,Crop,,,0.25,1800,11000,,,,,,,,,,,,,
//,,,,,,,wood,,,0.25,2320,13000,,,,,,,,,,,,,
//,,,,,,,Iron,,,0.05,-2,2000,,,,,,,,,,,,,
//,,,,,,,Labor,,,0.05,20,50,,,,,,,,,,,,,
//,,,,,,,Time,,,0.04,48000,180000,13:20:00,50:00:00,,,,,,,,,,,
//,,,,,,,MaxLabor,,,0.05,35,500,,,,,,,,,,,,,
,,,,,,,,,,,,,,,,,,,,,,,,,
REFINERY,2109,0,STRUCTURE,DEFAULT_BUILDING_1,500,0,0,0,0,0,0,0,0,0,0,0,0,0,0,Barricade,Basic,Building3,Stone,0,1
REFINERY,2109,1,STRUCTURE,REFINERY_STRUCTURE,2080,31,1,21,0,4,1,0,800,1800,2320,0,20,48000,0,Barricade,Basic,Building3,Stone,35,1
REFINERY,2109,2,STRUCTURE,REFINERY_STRUCTURE,2200,33,1,22,0,4,1,0,930,1910,2450,0,20,53320,0,Barricade,Basic,Building3,Stone,49,1
REFINERY,2109,3,STRUCTURE,REFINERY_STRUCTURE,2400,36,1,24,0,4,1,0,1090,2050,2620,50,20,58850,0,Barricade,Basic,Building3,Stone,63,1
REFINERY,2109,4,STRUCTURE,REFINERY_STRUCTURE,2640,40,1,26,0,4,1,0,1290,2230,2840,110,30,64600,0,Barricade,Basic,Building3,Stone,78,1
REFINERY,2109,5,STRUCTURE,REFINERY_STRUCTURE,2840,43,1,28,0,4,1,0,1530,2460,3110,170,30,70600,0,Barricade,Basic,Building3,Stone,91,1
REFINERY,2109,6,STRUCTURE,REFINERY_STRUCTURE,3080,46,1,31,0,4,1,0,1820,2760,3470,230,30,76830,0,Barricade,Basic,Building3,Stone,108,1
REFINERY,2109,7,STRUCTURE,REFINERY_STRUCTURE,3360,50,1,34,0,4,1,0,2180,3150,3930,300,30,83330,0,Barricade,Basic,Building3,Stone,126,1
REFINERY,2109,8,STRUCTURE,REFINERY_STRUCTURE,3640,55,1,36,0,4,1,0,2620,3640,4520,370,30,90080,0,Barricade,Basic,Building3,Stone,144,1
REFINERY,2109,9,STRUCTURE,REFINERY_STRUCTURE,3960,59,1,40,0,4,1,0,3160,4270,5280,440,40,97120,0,Barricade,Basic,Building3,Stone,162,1
REFINERY,2109,10,STRUCTURE,REFINERY_STRUCTURE,4320,65,1,43,0,4,1,0,3810,5080,6250,510,40,104430,0,Barricade,Basic,Building3,Stone,186,1
REFINERY,2109,11,STRUCTURE,REFINERY_STRUCTURE,4680,70,1,47,0,4,1,0,4610,6120,7490,590,40,112050,0,Barricade,Basic,Building3,Stone,210,1
REFINERY,2109,12,STRUCTURE,REFINERY_STRUCTURE,5080,76,1,51,0,4,1,0,5580,7460,9090,680,50,119980,0,Barricade,Basic,Building3,Stone,230,1
REFINERY,2109,13,STRUCTURE,REFINERY_STRUCTURE,5520,83,1,55,0,4,1,0,6770,9180,11150,770,50,128230,0,Barricade,Basic,Building3,Stone,250,1
REFINERY,2109,14,STRUCTURE,REFINERY_STRUCTURE,5960,89,1,60,0,4,1,0,8230,11380,13790,860,50,136820,0,Barricade,Basic,Building3,Stone,280,1
REFINERY,2109,15,STRUCTURE,REFINERY_STRUCTURE,6480,97,1,65,0,4,1,0,10000,14210,17180,960,60,145760,0,Barricade,Basic,Building3,Stone,304,1
,,,,,,,,,,,,,,,,,,,,,,,,,
//,Max Level,10,,,,,,,,Exp rate,Init Value,Final Value,Init Time,Final Time,,,,,,,,,,,
//,Start Level,2,,,,,Gold,,,0.1,-5,4000,,,,,,,,,,,,,
//,Type,Basement,,,,,Crop,,,0.25,60,2750,,,,,,,,,,,,,
//,,,,,,,wood,,,0.25,70,3500,,,,,,,,,,,,,
//,,,,,,,Iron,,,0.15,0,0,,,,,,,,,,,,,
//,,,,,,,Labor,,,0,0,0,,,,,,,,,,,,,
//,,,,,,,Time,,,0.2,6000,57500,1:40:00,15:58:20,,,,,,,,,,,
,,,,,,,,,,,,,,,,,,,,,,,,,
BASEMENT,2111,0,STRUCTURE,DEFAULT_BUILDING_1,500,0,0,0,0,0,0,0,0,0,0,0,0,0,0,Barricade,Basic,Building3,Stone,0,1
BASEMENT,2111,1,STRUCTURE,BASEMENT_STRUCTURE,805,7,1,9,0,4,1,0,0,60,70,0,0,3000,0,Barricade,Basic,Building3,Stone,0,1
BASEMENT,2111,2,STRUCTURE,BASEMENT_STRUCTURE,910,8,1,10,0,4,1,0,0,140,180,0,0,6320,0,Barricade,Basic,Building3,Stone,0,1
BASEMENT,2111,3,STRUCTURE,BASEMENT_STRUCTURE,1085,9,1,12,0,4,1,0,0,250,310,0,0,11160,0,Barricade,Basic,Building3,Stone,0,1
BASEMENT,2111,4,STRUCTURE,BASEMENT_STRUCTURE,1295,11,1,15,0,4,1,0,0,390,490,0,0,14630,0,Barricade,Basic,Building3,Stone,0,1
BASEMENT,2111,5,STRUCTURE,BASEMENT_STRUCTURE,1470,13,1,17,0,4,1,0,0,570,720,0,0,18860,0,Barricade,Basic,Building3,Stone,0,1
BASEMENT,2111,6,STRUCTURE,BASEMENT_STRUCTURE,1680,14,1,19,0,4,1,0,260,800,1010,0,0,24040,0,Barricade,Basic,Building3,Stone,0,1
BASEMENT,2111,7,STRUCTURE,BASEMENT_STRUCTURE,1925,17,1,22,0,4,1,0,540,1090,1380,0,0,30350,0,Barricade,Basic,Building3,Stone,0,1
BASEMENT,2111,8,STRUCTURE,BASEMENT_STRUCTURE,2170,19,1,25,0,4,1,0,850,1470,1860,0,0,38070,0,Barricade,Basic,Building3,Stone,0,1
BASEMENT,2111,9,STRUCTURE,BASEMENT_STRUCTURE,2450,21,1,28,0,4,1,0,1190,1950,2470,0,0,47490,0,Barricade,Basic,Building3,Stone,0,1
BASEMENT,2111,10,STRUCTURE,BASEMENT_STRUCTURE,2765,24,1,32,0,4,1,0,1570,2570,3260,0,0,59000,0,Barricade,Basic,Building3,Stone,0,1
,,,,,,,,,,,,,,,,,,,,,,,,,
//,Max Level,15,,,,,,,,Exp rate,Init Value,Final Value,Init Time,Final Time,,,,,,,,,,,
//,Start Level,2,,,,,Gold,,,0.2,-7,8000,,,,,,,,,,,,,
//,Type,Military,,,,,Crop,,,0.2,180,10000,,,,,,,,,,,,,
//,,,,,,,wood,,,0.23,120,15000,,,,,,,,,,,,,
//,,,,,,,Iron,,,0.2,-10,3000,,,,,,,,,,,,,
//,,,,,,,Labor,,,0,0,0,,,,,,,,,,,,,
//,,,,,,,Time,,,0.26,2700,135000,45:00,37:30:00,,,,,,,,,,
,,,,,,,,,,,,,,,,,,,,,,,,,
,,,,,,,,,,,,,,,,,,,,,,,,,
TRAINING_GROUND,2201,0,STRUCTURE,DEFAULT_BUILDING_2,500,0,0,0,0,0,0,0,0,0,0,0,0,0,0,Barricade,Basic,Building3,Stone,0,2
TRAINING_GROUND,2201,1,STRUCTURE,TRAINING_GROUND_STRUCTURE,1150,14,1,9,0,4,1,0,0,180,120,0,0,25,0,Barricade,Basic,Building3,Stone,0,2
TRAINING_GROUND,2201,2,STRUCTURE,TRAINING_GROUND_STRUCTURE,1300,16,1,10,0,4,1,0,0,320,280,0,0,2770,0,Barricade,Basic,Building3,Stone,0,2
TRAINING_GROUND,2201,3,STRUCTURE,TRAINING_GROUND_STRUCTURE,1550,19,1,12,0,4,1,0,0,480,470,0,0,5170,0,Barricade,Basic,Building3,Stone,0,2
TRAINING_GROUND,2201,4,STRUCTURE,TRAINING_GROUND_STRUCTURE,1850,22,1,15,0,4,1,0,0,690,720,0,0,6970,0,Barricade,Basic,Building3,Stone,0,2
TRAINING_GROUND,2201,5,STRUCTURE,TRAINING_GROUND_STRUCTURE,2100,25,2,17,0,4,1,0,0,940,1030,0,0,9310,0,Barricade,Basic,Building3,Stone,0,2
TRAINING_GROUND,2201,6,STRUCTURE,TRAINING_GROUND_STRUCTURE,2400,29,2,19,0,4,1,0,0,1240,1420,0,0,12350,0,Barricade,Basic,Building3,Stone,0,2
TRAINING_GROUND,2201,7,STRUCTURE,TRAINING_GROUND_STRUCTURE,2750,33,2,22,0,4,1,0,0,1620,1920,0,0,16290,0,Barricade,Basic,Building3,Stone,0,2
TRAINING_GROUND,2201,8,STRUCTURE,TRAINING_GROUND_STRUCTURE,3100,37,2,25,0,4,1,0,360,2070,2540,0,0,21400,0,Barricade,Basic,Building3,Stone,0,2
TRAINING_GROUND,2201,9,STRUCTURE,TRAINING_GROUND_STRUCTURE,3500,42,2,28,0,4,1,0,790,2630,3320,0,0,28020,0,Barricade,Basic,Building3,Stone,0,2
TRAINING_GROUND,2201,10,STRUCTURE,TRAINING_GROUND_STRUCTURE,3950,47,2,32,0,4,1,0,1330,3310,4300,0,0,36610,0,Barricade,Basic,Building3,Stone,0,2
TRAINING_GROUND,2201,11,STRUCTURE,TRAINING_GROUND_STRUCTURE,4400,53,2,35,0,4,1,0,1980,4140,5540,240,0,47760,0,Barricade,Basic,Building3,Stone,0,2
TRAINING_GROUND,2201,12,STRUCTURE,TRAINING_GROUND_STRUCTURE,4900,59,2,39,0,4,1,0,2780,5150,7100,540,0,62210,0,Barricade,Basic,Building3,Stone,0,2
TRAINING_GROUND,2201,13,STRUCTURE,TRAINING_GROUND_STRUCTURE,5450,65,2,44,0,4,1,0,3750,6380,9060,910,0,80950,0,Barricade,Basic,Building3,Stone,0,2
TRAINING_GROUND,2201,14,STRUCTURE,TRAINING_GROUND_STRUCTURE,6000,72,2,48,0,4,1,0,4930,7900,11530,1350,0,105260,0,Barricade,Basic,Building3,Stone,0,2
TRAINING_GROUND,2201,15,STRUCTURE,TRAINING_GROUND_STRUCTURE,6650,80,2,53,0,4,1,0,6380,9740,14640,1900,0,136790,0,Barricade,Basic,Building3,Stone,0,2
,,,,,,,,,,,,,,,,,,,,,,,,,
//,Max Level,15,,,,,,,,Exp rate,Init Value,Final Value,Init Time,Final Time,,,,,,,,,,,
//,Start Level,3,,,,,Gold,,,0.2,-7,8000,,,,,,,,,,,,,
//,Type,Military,,,,,Crop,,,0.2,180,10000,,,,,,,,,,,,,
//,,,,,,,wood,,,0.23,120,15000,,,,,,,,,,,,,
//,,,,,,,Iron,,,0.2,-10,3000,,,,,,,,,,,,,
//,,,,,,,Labor,,,0,0,0,,,,,,,,,,,,,
//,,,,,,,Time,,,0.23,2700,135000,45:00,37:30:00,,,,,,,,,,
,,,,,,,,,,,,,,,,,,,,,,,,,
,,,,,,,,,,,,,,,,,,,,,,,,,
BARRACK,2204,0,STRUCTURE,DEFAULT_BUILDING_2,500,0,0,0,0,0,0,0,0,0,0,0,0,0,0,Barricade,Basic,Building3,Stone,0,2
BARRACK,2204,1,STRUCTURE,BARRACK_STRUCTURE,1400,17,2,11,0,4,1,0,0,180,120,0,0,2700,0,Barricade,Basic,Building3,Stone,0,2
BARRACK,2204,2,STRUCTURE,BARRACK_STRUCTURE,1550,19,2,12,0,4,1,0,0,320,280,0,0,4120,0,Barricade,Basic,Building3,Stone,0,2
BARRACK,2204,3,STRUCTURE,BARRACK_STRUCTURE,1800,22,2,14,0,4,1,0,0,480,470,0,0,5910,0,Barricade,Basic,Building3,Stone,0,2
BARRACK,2204,4,STRUCTURE,BARRACK_STRUCTURE,2100,25,2,17,0,4,1,0,0,690,720,0,0,8170,0,Barricade,Basic,Building3,Stone,0,2
BARRACK,2204,5,STRUCTURE,BARRACK_STRUCTURE,2350,28,2,19,0,4,1,0,0,940,1030,0,0,11000,0,Barricade,Basic,Building3,Stone,0,2
BARRACK,2204,6,STRUCTURE,BARRACK_STRUCTURE,2650,32,2,21,0,4,1,0,0,1240,1420,0,0,14570,0,Barricade,Basic,Building3,Stone,0,2
BARRACK,2204,7,STRUCTURE,BARRACK_STRUCTURE,3000,36,2,24,0,4,1,0,0,1620,1920,0,0,19070,0,Barricade,Basic,Building3,Stone,0,2
BARRACK,2204,8,STRUCTURE,BARRACK_STRUCTURE,3350,40,2,27,0,4,1,0,360,2070,2540,0,0,24720,0,Barricade,Basic,Building3,Stone,0,2
BARRACK,2204,9,STRUCTURE,BARRACK_STRUCTURE,3750,45,2,30,0,4,1,0,790,2630,3320,0,0,31840,0,Barricade,Basic,Building3,Stone,0,2
BARRACK,2204,10,STRUCTURE,BARRACK_STRUCTURE,4200,50,2,34,0,4,1,0,1330,3310,4300,0,0,40800,0,Barricade,Basic,Building3,Stone,0,2
BARRACK,2204,11,STRUCTURE,BARRACK_STRUCTURE,4650,56,2,37,0,4,1,0,1980,4140,5540,240,0,52070,0,Barricade,Basic,Building3,Stone,0,2
BARRACK,2204,12,STRUCTURE,BARRACK_STRUCTURE,5150,62,2,41,0,4,1,0,2780,5150,7100,540,0,66270,0,Barricade,Basic,Building3,Stone,0,2
BARRACK,2204,13,STRUCTURE,BARRACK_STRUCTURE,5700,68,2,46,0,4,1,0,3750,6380,9060,910,0,84130,0,Barricade,Basic,Building3,Stone,0,2
BARRACK,2204,14,STRUCTURE,BARRACK_STRUCTURE,6250,75,2,50,0,4,1,0,4930,7900,11530,1350,0,106610,0,Barricade,Basic,Building3,Stone,0,2
BARRACK,2204,15,STRUCTURE,BARRACK_STRUCTURE,6900,83,2,55,0,4,1,0,6380,9740,14640,1900,0,134900,0,Barricade,Basic,Building3,Stone,0,2
,,,,,,,,,,,,,,,,,,,,,,,,,
//,Max Level,15,,,,,,,,Exp rate,Init Value,Final Value,Init Time,Final Time,,,,,,,,,,,
//,Start Level,4,,,,,Gold,,,0.1,-3,5000,,,,,,,,,,,,,
//,Type,Military,,,,,Crop,,,0.13,660,11000,,,,,,,,,,,,,
//,,,,,,,wood,,,0.14,800,15000,,,,,,,,,,,,,
//,,,,,,,Iron,,,0.2,-8,4000,,,,,,,,,,,,,
//,,,,,,,Labor,,,0,0,0,,,,,,,,,,,,,
//,,,,,,,Time,,,0.15,24300,135000,6:45:00,37:30:00,,,,,,,,,,,
,,,,,,,,,,,,,,,,,,,,,,,,,
,,,,,,,,,,,,,,,,,,,,,,,,,
STABLE,2202,0,STRUCTURE,DEFAULT_BUILDING_2,500,0,0,0,0,0,0,0,0,0,0,0,0,0,0,Barricade,Basic,Building3,Stone,0,2
STABLE,2202,1,STRUCTURE,STABLE_STRUCTURE,1700,20,2,14,0,4,1,0,0,660,800,0,0,24300,0,Barricade,Basic,Building3,Stone,0,2
STABLE,2202,2,STRUCTURE,STABLE_STRUCTURE,1850,22,2,15,0,4,1,0,0,920,1130,0,0,27460,0,Barricade,Basic,Building3,Stone,0,2
STABLE,2202,3,STRUCTURE,STABLE_STRUCTURE,2100,25,2,17,0,4,1,0,0,1220,1520,0,0,31120,0,Barricade,Basic,Building3,Stone,0,2
STABLE,2202,4,STRUCTURE,STABLE_STRUCTURE,2400,29,2,19,0,4,1,0,160,1560,1960,0,0,35390,0,Barricade,Basic,Building3,Stone,0,2
STABLE,2202,5,STRUCTURE,STABLE_STRUCTURE,2650,32,2,21,0,4,1,0,330,1950,2470,0,0,40340,0,Barricade,Basic,Building3,Stone,0,2
STABLE,2202,6,STRUCTURE,STABLE_STRUCTURE,2950,35,2,24,0,4,1,0,530,2390,3060,0,0,46090,0,Barricade,Basic,Building3,Stone,0,2
STABLE,2202,7,STRUCTURE,STABLE_STRUCTURE,3300,40,2,26,0,4,1,0,740,2890,3730,0,0,52770,0,Barricade,Basic,Building3,Stone,0,2
STABLE,2202,8,STRUCTURE,STABLE_STRUCTURE,3650,44,2,29,0,4,1,0,980,3460,4500,0,0,60540,0,Barricade,Basic,Building3,Stone,0,2
STABLE,2202,9,STRUCTURE,STABLE_STRUCTURE,4050,49,2,32,0,4,1,0,1240,4120,5400,220,0,69560,0,Barricade,Basic,Building3,Stone,0,2
STABLE,2202,10,STRUCTURE,STABLE_STRUCTURE,4500,54,2,36,0,4,1,0,1530,4860,6420,490,0,80040,0,Barricade,Basic,Building3,Stone,0,2
STABLE,2202,11,STRUCTURE,STABLE_STRUCTURE,4950,59,2,40,0,4,1,0,1850,5700,7600,810,0,92220,0,Barricade,Basic,Building3,Stone,0,2
STABLE,2202,12,STRUCTURE,STABLE_STRUCTURE,5450,65,2,44,0,4,1,0,2200,6670,8960,1210,0,106370,0,Barricade,Basic,Building3,Stone,0,2
STABLE,2202,13,STRUCTURE,STABLE_STRUCTURE,6000,72,2,48,0,4,1,0,2590,7760,10520,1690,0,122810,0,Barricade,Basic,Building3,Stone,0,2
STABLE,2202,14,STRUCTURE,STABLE_STRUCTURE,6550,79,2,52,0,4,1,0,3020,9010,12310,2290,0,141900,0,Barricade,Basic,Building3,Stone,0,2
STABLE,2202,15,STRUCTURE,STABLE_STRUCTURE,7200,86,2,58,0,4,1,0,3490,10430,14370,3010,0,164090,0,Barricade,Basic,Building3,Stone,0,2
,,,,,,,,,,,,,,,,,,,,,,,,,
//,Max Level,15,,,,,,,,Exp rate,Init Value,Final Value,Init Time,Final Time,,,,,,,,,,,
//,Start Level,5,,,,,Gold,,,0.1,700,3000,,,,,,,,,,,,,
//,Type,Military,,,,,Crop,,,0.11,1500,13000,,,,,,,,,,,,,
//,,,,,,,wood,,,0.11,1800,15000,,,,,,,,,,,,,
//,,,,,,,Iron,,,0.1,200,4000,,,,,,,,,,,,,
//,,,,,,,Labor,,,0,0,0,,,,,,,,,,,,,
//,,,,,,,Time,,,0.04,42000,200000,11:40:00,55:33:20,,,,,,,,,,,
,,,,,,,,,,,,,,,,,,,,,,,,,
,,,,,,,,,,,,,,,,,,,,,,,,,
WORKSHOP,2203,0,STRUCTURE,DEFAULT_BUILDING_2,500,0,0,0,0,0,0,0,0,0,0,0,0,0,0,Barricade,Basic,Building3,Stone,0,2
WORKSHOP,2203,1,STRUCTURE,WORKSHOP_STRUCTURE,1950,23,2,16,0,4,1,0,700,1500,1800,200,0,42000,0,Barricade,Basic,Building3,Stone,0,2
WORKSHOP,2203,2,STRUCTURE,WORKSHOP_STRUCTURE,2100,25,2,17,0,4,1,0,800,1860,2220,310,0,47640,0,Barricade,Basic,Building3,Stone,0,2
WORKSHOP,2203,3,STRUCTURE,WORKSHOP_STRUCTURE,2350,28,2,19,0,4,1,0,900,2260,2690,430,0,53510,0,Barricade,Basic,Building3,Stone,0,2
WORKSHOP,2203,4,STRUCTURE,WORKSHOP_STRUCTURE,2650,32,2,21,0,4,1,0,1020,2720,3210,560,0,59620,0,Barricade,Basic,Building3,Stone,0,2
WORKSHOP,2203,5,STRUCTURE,WORKSHOP_STRUCTURE,2900,35,2,23,0,4,1,0,1150,3220,3790,710,0,65980,0,Barricade,Basic,Building3,Stone,0,2
WORKSHOP,2203,6,STRUCTURE,WORKSHOP_STRUCTURE,3200,38,2,26,0,4,1,0,1290,3780,4440,870,0,72610,0,Barricade,Basic,Building3,Stone,0,2
WORKSHOP,2203,7,STRUCTURE,WORKSHOP_STRUCTURE,3550,43,2,28,0,4,1,0,1450,4410,5170,1050,0,79500,0,Barricade,Basic,Building3,Stone,0,2
WORKSHOP,2203,8,STRUCTURE,WORKSHOP_STRUCTURE,3900,47,2,31,0,4,1,0,1620,5110,5980,1250,0,86670,0,Barricade,Basic,Building3,Stone,0,2
WORKSHOP,2203,9,STRUCTURE,WORKSHOP_STRUCTURE,4300,52,2,34,0,4,1,0,1820,5890,6880,1470,0,94130,0,Barricade,Basic,Building3,Stone,0,2
WORKSHOP,2203,10,STRUCTURE,WORKSHOP_STRUCTURE,4750,57,2,38,0,4,1,0,2030,6760,7890,1710,0,101900,0,Barricade,Basic,Building3,Stone,0,2
WORKSHOP,2203,11,STRUCTURE,WORKSHOP_STRUCTURE,5200,62,2,42,0,4,1,0,2270,7730,9020,1980,0,109990,0,Barricade,Basic,Building3,Stone,0,2
WORKSHOP,2203,12,STRUCTURE,WORKSHOP_STRUCTURE,5700,68,2,46,0,4,1,0,2530,8820,10280,2280,0,118400,0,Barricade,Basic,Building3,Stone,0,2
WORKSHOP,2203,13,STRUCTURE,WORKSHOP_STRUCTURE,6250,75,2,50,0,4,1,0,2820,10030,11680,2600,0,127160,0,Barricade,Basic,Building3,Stone,0,2
WORKSHOP,2203,14,STRUCTURE,WORKSHOP_STRUCTURE,6800,82,2,54,0,4,1,0,3140,11380,13250,2960,0,136280,0,Barricade,Basic,Building3,Stone,0,2
WORKSHOP,2203,15,STRUCTURE,WORKSHOP_STRUCTURE,7450,89,2,60,0,4,1,0,3490,12890,15000,3360,0,145770,0,Barricade,Basic,Building3,Stone,0,2
,,,,,,,,,,,,,,,,,,,,,,,,,
//,Max Level,15,,,,,,,,Exp rate,Init Value,Final Value,Init Time,Final Time,,,,,,,,,,,
//,Start Level,3,,,,,Gold,,,0.08,-5,10000,,,,,,,,,,,,,
//,Type,Main,,,,,Crop,,,0.21,300,17000,,,,,,,,,,,,,
//,,,,,,,wood,,,0.22,270,18000,,,,,,,,,,,,,
//,,,,,,,Iron,,,0.1,-9,2000,,,,,,,,,,,,,
//,,,,,,,Labor,,,0,0,0,,,,,,,,,,,,,
//,,,,,,,Time,,,0.1,3600,118800,1:00:00,33:00:00,,,,,,,,,,,
//,,,,,,,MaxLabor,,,0.1,20,300,,,,,,,,,,,,,
,,,,,,,,,,,,,,,,,,,,,,,,,
UNIVERSITY,2301,0,STRUCTURE,DEFAULT_BUILDING_2,500,0,0,0,0,0,0,0,0,0,0,0,0,0,0,Barricade,Basic,Building3,Stone,0,2
UNIVERSITY,2301,1,STRUCTURE,UNIVERSITY_STRUCTURE,2240,17,1,11,0,4,1,0,0,300,270,0,0,3600,0,Barricade,Basic,Building3,Stone,20,2
UNIVERSITY,2301,2,STRUCTURE,UNIVERSITY_STRUCTURE,2480,19,1,12,0,4,1,0,0,510,480,0,0,6770,0,Barricade,Basic,Building3,Stone,28,2
UNIVERSITY,2301,3,STRUCTURE,UNIVERSITY_STRUCTURE,2880,22,1,14,0,4,1,0,0,780,730,0,0,10280,0,Barricade,Basic,Building3,Stone,37,2
UNIVERSITY,2301,4,STRUCTURE,UNIVERSITY_STRUCTURE,3360,25,1,17,0,4,1,0,0,1100,1050,0,0,14160,0,Barricade,Basic,Building3,Stone,48,2
UNIVERSITY,2301,5,STRUCTURE,UNIVERSITY_STRUCTURE,3760,28,1,19,0,4,1,0,0,1500,1450,0,0,18440,0,Barricade,Basic,Building3,Stone,59,2
UNIVERSITY,2301,6,STRUCTURE,UNIVERSITY_STRUCTURE,4240,32,1,21,0,4,1,0,370,2000,1950,0,0,23180,0,Barricade,Basic,Building3,Stone,71,2
UNIVERSITY,2301,7,STRUCTURE,UNIVERSITY_STRUCTURE,4800,36,1,24,0,4,1,0,780,2610,2570,0,0,28410,0,Barricade,Basic,Building3,Stone,85,2
UNIVERSITY,2301,8,STRUCTURE,UNIVERSITY_STRUCTURE,5360,40,1,27,0,4,1,0,1220,3360,3350,0,0,34200,0,Barricade,Basic,Building3,Stone,100,2
UNIVERSITY,2301,9,STRUCTURE,UNIVERSITY_STRUCTURE,6000,45,1,30,0,4,1,0,1690,4290,4310,0,0,40590,0,Barricade,Basic,Building3,Stone,117,2
UNIVERSITY,2301,10,STRUCTURE,UNIVERSITY_STRUCTURE,6720,50,1,34,0,4,1,0,2210,5440,5510,120,0,47660,0,Barricade,Basic,Building3,Stone,135,2
UNIVERSITY,2301,11,STRUCTURE,UNIVERSITY_STRUCTURE,7440,56,1,37,0,4,1,0,2770,6850,7010,240,0,55460,0,Barricade,Basic,Building3,Stone,156,2
UNIVERSITY,2301,12,STRUCTURE,UNIVERSITY_STRUCTURE,8240,62,1,41,0,4,1,0,3370,8600,8870,380,0,64090,0,Barricade,Basic,Building3,Stone,178,2
UNIVERSITY,2301,13,STRUCTURE,UNIVERSITY_STRUCTURE,9120,68,1,46,0,4,1,0,4030,10750,11200,540,0,73630,0,Barricade,Basic,Building3,Stone,203,2
UNIVERSITY,2301,14,STRUCTURE,UNIVERSITY_STRUCTURE,10000,75,1,50,0,4,1,0,4740,13410,14090,710,0,84170,0,Barricade,Basic,Building3,Stone,231,2
UNIVERSITY,2301,15,STRUCTURE,UNIVERSITY_STRUCTURE,11040,83,1,55,0,4,1,0,5510,16690,17700,900,0,95820,0,Barricade,Basic,Building3,Stone,261,2
,,,,,,,,,,,,,,,,,,,,,,,,,
//,Max Level,10,,,,,,,,Exp rate,Init Value,Final Value,Init Time,Final Time,,,,,,,,,,,
//,Start Level,4,,,,,Gold,,,0.15,-2,10000,,,,,,,,,,,,,
//,Type,Main,,,,,Crop,,,0.16,400,7000,,,,,,,,,,,,,
//,,,,,,,wood,,,0.23,510,9000,,,,,,,,,,,,,
//,,,,,,,Iron,,,0,0,0,,,,,,,,,,,,,
//,,,,,,,Labor,,,0,0,0,,,,,,,,,,,,,
//,,,,,,,Time,,,0.2,12150,115270,3:22:30,32:01:10,,,,,,,,,,,
,,,,,,,,,,,,,,,,,,,,,,,,,
ARMORY,2302,0,STRUCTURE,DEFAULT_BUILDING_2,500,0,0,0,0,0,0,0,0,0,0,0,0,0,0,Barricade,Basic,Building3,Stone,0,2
ARMORY,2302,1,STRUCTURE,ARMORY_STRUCTURE,2720,20,1,14,0,4,1,0,0,400,510,0,0,12150,0,Barricade,Basic,Building3,Stone,0,2
ARMORY,2302,2,STRUCTURE,ARMORY_STRUCTURE,2960,22,1,15,0,4,1,0,0,700,820,0,0,16810,0,Barricade,Basic,Building3,Stone,0,2
ARMORY,2302,3,STRUCTURE,ARMORY_STRUCTURE,3360,25,1,17,0,4,1,0,490,1060,1210,0,0,22510,0,Barricade,Basic,Building3,Stone,0,2
ARMORY,2302,4,STRUCTURE,ARMORY_STRUCTURE,3840,29,1,19,0,4,1,0,1050,1480,1700,0,0,29470,0,Barricade,Basic,Building3,Stone,0,2
ARMORY,2302,5,STRUCTURE,ARMORY_STRUCTURE,4240,32,1,21,0,4,1,0,1710,1970,2320,0,0,37960,0,Barricade,Basic,Building3,Stone,0,2
ARMORY,2302,6,STRUCTURE,ARMORY_STRUCTURE,4720,35,1,24,0,4,1,0,2480,2550,3100,0,0,48340,0,Barricade,Basic,Building3,Stone,0,2
ARMORY,2302,7,STRUCTURE,ARMORY_STRUCTURE,5280,40,1,26,0,4,1,0,3360,3230,4080,0,0,61020,0,Barricade,Basic,Building3,Stone,0,2
ARMORY,2302,8,STRUCTURE,ARMORY_STRUCTURE,5840,44,1,29,0,4,1,0,4400,4020,5310,0,0,76500,0,Barricade,Basic,Building3,Stone,0,2
ARMORY,2302,9,STRUCTURE,ARMORY_STRUCTURE,6480,49,1,32,0,4,1,0,5600,4950,6870,0,0,95410,0,Barricade,Basic,Building3,Stone,0,2
ARMORY,2302,10,STRUCTURE,ARMORY_STRUCTURE,7200,54,1,36,0,4,1,0,6990,6050,8820,0,0,118510,0,Barricade,Basic,Building3,Stone,0,2
,,,,,,,,,,,,,,,,,,,,,,,,,
//,Max Level,10,,,,,,,,Exp rate,Init Value,Final Value,Init Time,Final Time,,,,,,,,,,,
//,Start Level,6,,,,,Gold,,,0,0,0,,,,,,,,,,,,,
//,Type,Main,,,,,Crop,,,0.15,750,11170,,,,,,,,,,,,,
//,,,,,,,wood,,,0.14,1100,13670,,,,,,,,,,,,,
//,,,,,,,Iron,,,0.05,-2,10000,,,,,,,,,,,,,
//,,,,,,,Labor,,,0,0,0,,,,,,,,,,,,,
//,,,,,,,Time,,,0.07,48600,156590,13:30:00,43:29:50,,,,,,,,,,,
,,,,,,,,,,,,,,,,,,,,,,,,,
BLACKSMITH,2303,0,STRUCTURE,DEFAULT_BUILDING_2,500,0,0,0,0,0,0,0,0,0,0,0,0,0,0,Barricade,Basic,Building3,Stone,0,2
BLACKSMITH,2303,1,STRUCTURE,BLACKSMITH_STRUCTURE,3600,27,1,18,0,4,1,0,0,750,1100,0,0,48600,0,Barricade,Basic,Building3,Stone,0,2
BLACKSMITH,2303,2,STRUCTURE,BLACKSMITH_STRUCTURE,3840,29,1,19,0,4,1,0,0,1250,1730,0,0,56520,0,Barricade,Basic,Building3,Stone,0,2
BLACKSMITH,2303,3,STRUCTURE,BLACKSMITH_STRUCTURE,4240,32,1,21,0,4,1,0,0,1830,2450,340,0,65020,0,Barricade,Basic,Building3,Stone,0,2
BLACKSMITH,2303,4,STRUCTURE,BLACKSMITH_STRUCTURE,4720,35,1,24,0,4,1,0,0,2510,3290,700,0,74140,0,Barricade,Basic,Building3,Stone,0,2
BLACKSMITH,2303,5,STRUCTURE,BLACKSMITH_STRUCTURE,5120,38,1,26,0,4,1,0,0,3290,4240,1080,0,83910,0,Barricade,Basic,Building3,Stone,0,2
BLACKSMITH,2303,6,STRUCTURE,BLACKSMITH_STRUCTURE,5600,42,1,28,0,4,1,0,0,4200,5350,1480,0,94400,0,Barricade,Basic,Building3,Stone,0,2
BLACKSMITH,2303,7,STRUCTURE,BLACKSMITH_STRUCTURE,6160,46,1,31,0,4,1,0,0,5260,6620,1900,0,105640,0,Barricade,Basic,Building3,Stone,0,2
BLACKSMITH,2303,8,STRUCTURE,BLACKSMITH_STRUCTURE,6720,50,1,34,0,4,1,0,0,6490,8070,2350,0,117700,0,Barricade,Basic,Building3,Stone,0,2
BLACKSMITH,2303,9,STRUCTURE,BLACKSMITH_STRUCTURE,7360,55,1,37,0,4,1,0,0,7920,9750,2810,0,130640,0,Barricade,Basic,Building3,Stone,0,2
BLACKSMITH,2303,10,STRUCTURE,BLACKSMITH_STRUCTURE,8080,61,1,40,0,4,1,0,0,9580,11680,3300,0,144510,0,Barricade,Basic,Building3,Stone,0,2
,,,,,,,,,,,,,,,,,,,,,,,,,
//,Max Level,10,,,,,,,,Exp rate,Init Value,Final Value,Init Time,Final Time,,,,,,,,,,,
//,Start Level,3,,,,,Gold,,,0.2,-3,500,,,,,,,,,,,,,
//,Type,Tower,,,,,Crop,,,0.21,200,3000,,,,,,,,,,,,,
//,,,,,,,wood,,,0.25,320,5000,,,,,,,,,,,,,
//,,,,,,,Iron,,,0.2,-7,500,,,,,,,,,,,,,
//,,,,,,,Labor,,,0,0,0,,,,,,,,,,,,,
//,,,,,,,Time,,,0.15,3600,25000,1:00:00,6:56:40,,,,,,,,,,,
,,,,,,,,,,,,,,,,,,,,,,,,,
TOWER,2402,0,STRUCTURE,DEFAULT_BUILDING_1,500,0,0,0,0,0,0,0,0,0,0,0,0,0,0,Tower,Basic,Building1,Stone,0,1
TOWER,2402,1,STRUCTURE,TOWER_STRUCTURE,4200,56,1,28,3,2,2,0,0,200,320,0,0,3600,0,Tower,Basic,Building1,Stone,0,1
TOWER,2402,2,STRUCTURE,TOWER_STRUCTURE,4650,62,1,31,3,2,2,0,0,310,480,0,0,4800,0,Tower,Basic,Building1,Stone,0,1
TOWER,2402,3,STRUCTURE,TOWER_STRUCTURE,5400,72,1,36,3,2,2,0,0,450,680,0,0,6190,0,Tower,Basic,Building1,Stone,0,1
TOWER,2402,4,STRUCTURE,TOWER_STRUCTURE,6300,84,1,42,4,2,2,0,30,620,950,0,0,7810,0,Tower,Basic,Building1,Stone,0,1
TOWER,2402,5,STRUCTURE,TOWER_STRUCTURE,7050,94,1,47,4,2,2,0,60,840,1280,0,0,9700,0,Tower,Basic,Building1,Stone,0,1
TOWER,2402,6,STRUCTURE,TOWER_STRUCTURE,7950,106,1,53,4,2,2,0,100,1100,1720,0,0,11880,0,Tower,Basic,Building1,Stone,0,1
TOWER,2402,7,STRUCTURE,TOWER_STRUCTURE,9000,120,1,60,5,2,2,0,150,1420,2270,0,0,14420,0,Tower,Basic,Building1,Stone,0,1
TOWER,2402,8,STRUCTURE,TOWER_STRUCTURE,10050,134,1,67,5,2,2,0,210,1820,2990,60,0,17370,0,Tower,Basic,Building1,Stone,0,1
TOWER,2402,9,STRUCTURE,TOWER_STRUCTURE,11250,150,1,75,5,2,2,0,290,2310,3900,130,0,20800,0,Tower,Basic,Building1,Stone,0,1
TOWER,2402,10,STRUCTURE,TOWER_STRUCTURE,12600,168,1,84,6,2,2,0,380,2920,5080,230,0,24790,0,Tower,Basic,Building1,Stone,0,1
,,,,,,,,,,,,,,,,,,,,,,,,,
//,Max Level,10,,,,,,,,Exp rate,Init Value,Final Value,Init Time,Final Time,,,,,,,,,,,
//,Start Level,3,,,,,Gold,,,0.2,-3,500,,,,,,,,,,,,,
//,Type,Tower,,,,,Crop,,,0.21,200,3000,,,,,,,,,,,,,
//,,,,,,,wood,,,0.25,320,5000,,,,,,,,,,,,,
//,,,,,,,Iron,,,0.2,-7,500,,,,,,,,,,,,,
//,,,,,,,Labor,,,0,0,0,,,,,,,,,,,,,
//,,,,,,,Time,,,0.15,7200,25000,2:00:00,6:56:40,,,,,,,,,,,
,,,,,,,,,,,,,,,,,,,,,,,,,
CANNON_TOWER,2403,0,STRUCTURE,DEFAULT_BUILDING_1,500,0,0,0,0,0,0,0,0,0,0,0,0,0,0,Cannon,Basic,Building2,Stone,0,1
CANNON_TOWER,2403,1,STRUCTURE,CANNON_TOWER_STRUCTURE,4200,56,1,28,3,2,3,0,0,200,320,0,0,7200,0,Cannon,Elemental,Building2,Stone,0,1
CANNON_TOWER,2403,2,STRUCTURE,CANNON_TOWER_STRUCTURE,4650,62,1,31,3,2,3,0,0,310,480,0,0,8550,0,Cannon,Elemental,Building2,Stone,0,1
CANNON_TOWER,2403,3,STRUCTURE,CANNON_TOWER_STRUCTURE,5400,72,1,36,3,2,3,0,0,450,680,0,0,10120,0,Cannon,Elemental,Building2,Stone,0,1
CANNON_TOWER,2403,4,STRUCTURE,CANNON_TOWER_STRUCTURE,6300,84,1,42,4,2,3,0,30,620,950,0,0,11940,0,Cannon,Elemental,Building2,Stone,0,1
CANNON_TOWER,2403,5,STRUCTURE,CANNON_TOWER_STRUCTURE,7050,94,1,47,4,2,3,0,60,840,1280,0,0,14060,0,Cannon,Elemental,Building2,Stone,0,1
CANNON_TOWER,2403,6,STRUCTURE,CANNON_TOWER_STRUCTURE,7950,106,1,53,4,2,3,0,100,1100,1720,0,0,16520,0,Cannon,Elemental,Building2,Stone,0,1
CANNON_TOWER,2403,7,STRUCTURE,CANNON_TOWER_STRUCTURE,9000,120,1,60,5,2,3,0,150,1420,2270,0,0,19380,0,Cannon,Elemental,Building2,Stone,0,1
CANNON_TOWER,2403,8,STRUCTURE,CANNON_TOWER_STRUCTURE,10050,134,1,67,5,2,3,0,210,1820,2990,60,0,22710,0,Cannon,Elemental,Building2,Stone,0,1
CANNON_TOWER,2403,9,STRUCTURE,CANNON_TOWER_STRUCTURE,11250,150,1,75,5,2,3,0,290,2310,3900,130,0,26570,0,Cannon,Elemental,Building2,Stone,0,1
CANNON_TOWER,2403,10,STRUCTURE,CANNON_TOWER_STRUCTURE,12600,168,1,84,6,2,3,0,380,2920,5080,230,0,31050,0,Cannon,Elemental,Building2,Stone,0,1
,,,,,,,,,,,,,,,,,,,,,,,,,
//,Max Level,15,,,,,,,,Exp rate,Init Value,Final Value,Init Time,Final Time,,,,,,,,,,,
//,Start Level,4,,,,,Gold,,,0.1,-4,4500,,,,,,,,,,,,,
//,Type,Commercial,,,,,Crop,,,0.2,380,13000,,,,,,,,,,,,,
//,,,,,,,wood,,,0.2,450,7000,,,,,,,,,,,,,
//,,,,,,,Iron,,,0.1,-8,2500,,,,,,,,,,,,,
//,,,,,,,Labor,,,0,0,0,,,,,,,,,,,,,
//,,,,,,,Time,,,0.1,12150,140000,3:22:30,38:53:20,,,,,,,,,,,
,,,,,,,,,,,,,,,,,,,,,,,,,
TRADING_POST,2501,0,STRUCTURE,DEFAULT_BUILDING_2,500,0,0,0,0,0,0,0,0,0,0,0,0,0,0,Barricade,Basic,Building3,Stone,0,2
TRADING_POST,2501,1,STRUCTURE,TRADING_POST_STRUCTURE,1870,20,1,14,0,4,1,0,0,380,450,0,0,12150,0,Barricade,Basic,Building3,Stone,0,2
TRADING_POST,2501,2,STRUCTURE,TRADING_POST_STRUCTURE,2035,22,1,15,0,4,1,0,0,560,550,0,0,16100,0,Barricade,Basic,Building3,Stone,0,2
TRADING_POST,2501,3,STRUCTURE,TRADING_POST_STRUCTURE,2310,25,1,17,0,4,1,0,0,780,670,0,0,20460,0,Barricade,Basic,Building3,Stone,0,2
TRADING_POST,2501,4,STRUCTURE,TRADING_POST_STRUCTURE,2640,29,1,19,0,4,1,0,0,1050,820,0,0,25280,0,Barricade,Basic,Building3,Stone,0,2
TRADING_POST,2501,5,STRUCTURE,TRADING_POST_STRUCTURE,2915,32,1,21,0,4,1,0,160,1380,1010,0,0,30600,0,Barricade,Basic,Building3,Stone,0,2
TRADING_POST,2501,6,STRUCTURE,TRADING_POST_STRUCTURE,3245,35,1,24,0,4,1,0,330,1780,1230,0,0,36490,0,Barricade,Basic,Building3,Stone,0,2
TRADING_POST,2501,7,STRUCTURE,TRADING_POST_STRUCTURE,3630,40,1,26,0,4,1,0,520,2270,1500,0,0,43000,0,Barricade,Basic,Building3,Stone,0,2
TRADING_POST,2501,8,STRUCTURE,TRADING_POST_STRUCTURE,4015,44,1,29,0,4,1,0,740,2870,1830,0,0,50190,0,Barricade,Basic,Building3,Stone,0,2
TRADING_POST,2501,9,STRUCTURE,TRADING_POST_STRUCTURE,4455,49,1,32,0,4,1,0,970,3600,2240,130,0,58130,0,Barricade,Basic,Building3,Stone,0,2
TRADING_POST,2501,10,STRUCTURE,TRADING_POST_STRUCTURE,4950,54,1,36,0,4,1,0,1230,4490,2740,270,0,66910,0,Barricade,Basic,Building3,Stone,0,2
TRADING_POST,2501,11,STRUCTURE,TRADING_POST_STRUCTURE,5445,59,1,40,0,4,1,0,1520,5580,3340,430,0,76620,0,Barricade,Basic,Building3,Stone,0,2
TRADING_POST,2501,12,STRUCTURE,TRADING_POST_STRUCTURE,5995,65,1,44,0,4,1,0,1840,6910,4090,610,0,87350,0,Barricade,Basic,Building3,Stone,0,2
TRADING_POST,2501,13,STRUCTURE,TRADING_POST_STRUCTURE,6600,72,1,48,0,4,1,0,2190,8540,4990,810,0,99200,0,Barricade,Basic,Building3,Stone,0,2
TRADING_POST,2501,14,STRUCTURE,TRADING_POST_STRUCTURE,7205,79,1,52,0,4,1,0,2570,10520,6100,1020,0,112300,0,Barricade,Basic,Building3,Stone,0,2
TRADING_POST,2501,15,STRUCTURE,TRADING_POST_STRUCTURE,7920,86,1,58,0,4,1,0,3000,12950,7450,1260,0,126780,0,Barricade,Basic,Building3,Stone,0,2
,,,,,,,,,,,,,,,,,,,,,,,,,
//,Max Level,10,,,,,,,,Exp rate,Init Value,Final Value,Init Time,Final Time,,,,,,,,,,,
//,Start Level,5,,,,,Gold,,,0.1,-2,5000,,,,,,,,,,,,,
//,Type,Commercial,,,,,Crop,,,0.2,590,10000,,,,,,,,,,,,,
//,,,,,,,wood,,,0.2,760,13000,,,,,,,,,,,,,
//,,,,,,,Iron,,,0.5,-5,1500,,,,,,,,,,,,,
//,,,,,,,Labor,,,0,0,0,,,,,,,,,,,,,
//,,,,,,,Time,,,0.15,24300,111100,6:45:00,30:51:40,,,,,,,,,,,
,,,,,,,,,,,,,,,,,,,,,,,,,
MARKET,2502,0,STRUCTURE,DEFAULT_BUILDING_1,500,0,0,0,0,0,0,0,0,0,0,0,0,0,0,Barricade,Basic,Building3,Stone,0,1
MARKET,2502,1,STRUCTURE,MARKET_STRUCTURE,2145,23,1,16,0,4,1,0,0,590,760,0,0,24300,0,Barricade,Basic,Building3,Stone,0,1
MARKET,2502,2,STRUCTURE,MARKET_STRUCTURE,2310,25,1,17,0,4,1,0,0,980,1260,0,0,29980,0,Barricade,Basic,Building3,Stone,0,1
MARKET,2502,3,STRUCTURE,MARKET_STRUCTURE,2585,28,1,19,0,4,1,0,240,1450,1880,0,0,36580,0,Barricade,Basic,Building3,Stone,0,1
MARKET,2502,4,STRUCTURE,MARKET_STRUCTURE,2915,32,1,21,0,4,1,0,500,2030,2630,0,0,44250,0,Barricade,Basic,Building3,Stone,0,1
MARKET,2502,5,STRUCTURE,MARKET_STRUCTURE,3190,35,1,23,0,4,1,0,790,2740,3550,0,0,53160,0,Barricade,Basic,Building3,Stone,0,1
MARKET,2502,6,STRUCTURE,MARKET_STRUCTURE,3520,38,1,26,0,4,1,0,1100,3600,4670,80,0,63510,0,Barricade,Basic,Building3,Stone,0,1
MARKET,2502,7,STRUCTURE,MARKET_STRUCTURE,3905,43,1,28,0,4,1,0,1460,4650,6040,210,0,75530,0,Barricade,Basic,Building3,Stone,0,1
MARKET,2502,8,STRUCTURE,MARKET_STRUCTURE,4290,47,1,31,0,4,1,0,1850,5940,7710,430,0,89510,0,Barricade,Basic,Building3,Stone,0,1
MARKET,2502,9,STRUCTURE,MARKET_STRUCTURE,4730,52,1,34,0,4,1,0,2280,7510,9750,790,0,105740,0,Barricade,Basic,Building3,Stone,0,1
MARKET,2502,10,STRUCTURE,MARKET_STRUCTURE,5225,57,1,38,0,4,1,0,2750,9430,12250,1380,0,124600,0,Barricade,Basic,Building3,Stone,0,1
,,,,,,,,,,,,,,,,,,,,,,,,,
TRIBAL_GATHERING,3002,0,STRUCTURE,DEFAULT_BUILDING_1,500,0,1,0,0,0,0,0,0,0,0,0,0,0,0,Barricade,Basic,Building1,Stone,0,1
TRIBAL_GATHERING,3002,1,STRUCTURE,TRIBAL_GATHERING_STRUCTURE,800,20,1,100,0,3,1,0,0,200,200,0,0,14400,0,Barricade,Basic,Building1,Stone,0,1
,,,,,,,,,,,,,,,,,,,,,,,,,
TRIBAL_FAIR,3003,0,STRUCTURE,DEFAULT_BUILDING_1,500,0,1,0,0,0,0,0,0,0,0,0,0,0,0,Barricade,Basic,Building1,Stone,0,1
TRIBAL_FAIR,3003,1,STRUCTURE,TRIBAL_FAIR_STRUCTURE,1560,39,1,195,0,3,1,0,0,800,800,0,0,28800,0,Barricade,Basic,Building1,Stone,0,1
,,,,,,,,,,,,,,,,,,,,,,,,,
TRIBAL_CARNIVAL,3004,0,STRUCTURE,DEFAULT_BUILDING_1,500,0,1,0,0,0,0,0,0,0,0,0,0,0,0,Barricade,Basic,Building1,Stone,0,1
TRIBAL_CARNIVAL,3004,1,STRUCTURE,TRIBAL_CARNIVAL_STRUCTURE,3000,75,1,375,0,3,1,0,400,2400,2400,0,0,43200,0,Barricade,Basic,Building1,Stone,0,1
,,,,,,,,,,,,,,,,,,,,,,,,,
TRIBAL_FESTIVAL,3005,0,STRUCTURE,DEFAULT_BUILDING_1,500,0,1,0,0,0,0,0,0,0,0,0,0,0,0,Barricade,Basic,Building1,Stone,0,1
TRIBAL_FESTIVAL,3005,1,STRUCTURE,TRIBAL_FESTIVAL_STRUCTURE,5760,144,1,720,0,3,1,0,1600,9600,9600,0,0,86400,0,Barricade,Basic,Building1,Stone,0,1
,,,,,,,,,,,,,,,,,,,,,,,,,
DESTROYED_FIELD,3008,0,STRUCTURE,DEFAULT_BUILDING_1,500,0,0,0,0,0,0,0,0,0,0,0,0,0,0,Barricade,Basic,Building1,Stone,0,1
DESTROYED_FIELD,3008,1,STRUCTURE,DEAD_FIELD_STRUCTURE,500,20,0,100,0,4,1,0,0,0,0,0,0,0,0,Barricade,Basic,Building1,Stone,0,1
,,,,,,,,,,,,,,,,,,,,,,,,,
EMPTY_FIELD,3009,0,STRUCTURE,DEFAULT_BUILDING_1,500,0,0,0,0,0,0,0,0,0,0,0,0,0,0,Barricade,Basic,Building1,Stone,0,1
EMPTY_FIELD,3009,1,STRUCTURE,DEAD_FIELD_STRUCTURE,500,20,0,100,0,4,1,0,0,0,0,0,0,0,0,Barricade,Basic,Building1,Stone,0,1
,,,,,,,,,,,,,,,,,,,,,,,,,
DEAD_FIELD,3010,0,STRUCTURE,DEFAULT_BUILDING_1,500,0,0,0,0,0,0,0,0,0,0,0,0,0,0,Barricade,Basic,Building1,Stone,0,1
DEAD_FIELD,3010,1,STRUCTURE,DEAD_FIELD_STRUCTURE,500,20,0,100,0,4,1,0,0,0,0,0,0,0,0,Barricade,Basic,Building1,Stone,0,1
,,,,,,,,,,,,,,,,,,,,,,,,,
GRAPE_FIELD,3011,0,STRUCTURE,DEFAULT_BUILDING_1,500,0,0,0,0,0,0,0,0,0,0,0,0,0,0,Barricade,Basic,Building1,Wooden,0,1
GRAPE_FIELD,3011,1,STRUCTURE,FIELD_STRUCTURE,1000,10,2,0,0,3,1,0,0,10,20,0,2,600,0,Barricade,Basic,Building1,Wooden,0,1
GRAPE_FIELD,3011,2,STRUCTURE,FIELD_STRUCTURE,1000,11,2,0,0,3,1,0,0,17,34,0,2,600,0,Barricade,Basic,Building1,Wooden,0,1
GRAPE_FIELD,3011,3,STRUCTURE,FIELD_STRUCTURE,1000,12,2,0,0,3,1,0,0,24,48,0,2,600,0,Barricade,Basic,Building1,Wooden,0,1
GRAPE_FIELD,3011,4,STRUCTURE,FIELD_STRUCTURE,1000,13,2,0,0,3,1,0,0,31,62,0,2,600,0,Barricade,Basic,Building1,Wooden,0,1
GRAPE_FIELD,3011,5,STRUCTURE,FIELD_STRUCTURE,1000,14,2,0,0,3,1,0,0,39,77,0,1,600,0,Barricade,Basic,Building1,Wooden,0,1
GRAPE_FIELD,3011,6,STRUCTURE,FIELD_STRUCTURE,1000,15,2,0,0,3,1,0,0,46,92,0,1,600,0,Barricade,Basic,Building1,Wooden,0,1
GRAPE_FIELD,3011,7,STRUCTURE,FIELD_STRUCTURE,1000,16,2,0,0,3,1,0,0,54,108,0,1,600,0,Barricade,Basic,Building1,Wooden,0,1
GRAPE_FIELD,3011,8,STRUCTURE,FIELD_STRUCTURE,1000,17,2,0,0,3,1,0,0,62,124,0,1,600,0,Barricade,Basic,Building1,Wooden,0,1
GRAPE_FIELD,3011,9,STRUCTURE,FIELD_STRUCTURE,1000,18,2,0,0,3,1,0,0,70,140,0,1,600,0,Barricade,Basic,Building1,Wooden,0,1
GRAPE_FIELD,3011,10,STRUCTURE,FIELD_STRUCTURE,1000,19,2,0,0,3,1,0,0,79,157,0,0,600,0,Barricade,Basic,Building1,Wooden,0,1
GRAPE_FIELD,3011,11,STRUCTURE,FIELD_STRUCTURE,1000,20,2,0,0,3,1,0,0,87,174,0,0,600,0,Barricade,Basic,Building1,Wooden,0,1
GRAPE_FIELD,3011,12,STRUCTURE,FIELD_STRUCTURE,1000,21,2,0,0,3,1,0,0,96,192,0,0,600,0,Barricade,Basic,Building1,Wooden,0,1
GRAPE_FIELD,3011,13,STRUCTURE,FIELD_STRUCTURE,1000,22,2,0,0,3,1,0,0,105,210,0,0,600,0,Barricade,Basic,Building1,Wooden,0,1
GRAPE_FIELD,3011,14,STRUCTURE,FIELD_STRUCTURE,1000,23,2,0,0,3,1,0,0,114,228,0,0,600,0,Barricade,Basic,Building1,Wooden,0,1
GRAPE_FIELD,3011,15,STRUCTURE,FIELD_STRUCTURE,1000,24,2,0,0,3,1,0,0,124,247,0,0,600,0,Barricade,Basic,Building1,Wooden,0,1
,,,,,,,,,,,,,,,,,,,,,,,,,
MATURE_GRAPE_FIELD,3012,0,STRUCTURE,DEFAULT_BUILDING_1,500,0,0,0,0,0,0,0,0,0,0,0,0,0,0,Barricade,Basic,Building1,Wooden,0,1
MATURE_GRAPE_FIELD,3012,1,STRUCTURE,GRAPE_FIELD_STRUCTURE,1000,10,2,0,0,3,1,0,0,0,0,0,0,0,0,Barricade,Basic,Building1,Wooden,0,1
MATURE_GRAPE_FIELD,3012,2,STRUCTURE,GRAPE_FIELD_STRUCTURE,1000,11,2,0,0,3,1,0,0,0,0,0,0,0,0,Barricade,Basic,Building1,Wooden,0,1
MATURE_GRAPE_FIELD,3012,3,STRUCTURE,GRAPE_FIELD_STRUCTURE,1000,12,2,0,0,3,1,0,0,0,0,0,0,0,0,Barricade,Basic,Building1,Wooden,0,1
MATURE_GRAPE_FIELD,3012,4,STRUCTURE,GRAPE_FIELD_STRUCTURE,1000,13,2,0,0,3,1,0,0,0,0,0,0,0,0,Barricade,Basic,Building1,Wooden,0,1
MATURE_GRAPE_FIELD,3012,5,STRUCTURE,GRAPE_FIELD_STRUCTURE,1000,14,2,0,0,3,1,0,0,0,0,0,0,0,0,Barricade,Basic,Building1,Wooden,0,1
MATURE_GRAPE_FIELD,3012,6,STRUCTURE,GRAPE_FIELD_STRUCTURE,1000,15,2,0,0,3,1,0,0,0,0,0,0,0,0,Barricade,Basic,Building1,Wooden,0,1
MATURE_GRAPE_FIELD,3012,7,STRUCTURE,GRAPE_FIELD_STRUCTURE,1000,16,2,0,0,3,1,0,0,0,0,0,0,0,0,Barricade,Basic,Building1,Wooden,0,1
MATURE_GRAPE_FIELD,3012,8,STRUCTURE,GRAPE_FIELD_STRUCTURE,1000,17,2,0,0,3,1,0,0,0,0,0,0,0,0,Barricade,Basic,Building1,Wooden,0,1
MATURE_GRAPE_FIELD,3012,9,STRUCTURE,GRAPE_FIELD_STRUCTURE,1000,18,2,0,0,3,1,0,0,0,0,0,0,0,0,Barricade,Basic,Building1,Wooden,0,1
MATURE_GRAPE_FIELD,3012,10,STRUCTURE,GRAPE_FIELD_STRUCTURE,1000,19,2,0,0,3,1,0,0,0,0,0,0,0,0,Barricade,Basic,Building1,Wooden,0,1
MATURE_GRAPE_FIELD,3012,11,STRUCTURE,GRAPE_FIELD_STRUCTURE,1000,20,2,0,0,3,1,0,0,0,0,0,0,0,0,Barricade,Basic,Building1,Wooden,0,1
MATURE_GRAPE_FIELD,3012,12,STRUCTURE,GRAPE_FIELD_STRUCTURE,1000,21,2,0,0,3,1,0,0,0,0,0,0,0,0,Barricade,Basic,Building1,Wooden,0,1
MATURE_GRAPE_FIELD,3012,13,STRUCTURE,GRAPE_FIELD_STRUCTURE,1000,22,2,0,0,3,1,0,0,0,0,0,0,0,0,Barricade,Basic,Building1,Wooden,0,1
MATURE_GRAPE_FIELD,3012,14,STRUCTURE,GRAPE_FIELD_STRUCTURE,1000,23,2,0,0,3,1,0,0,0,0,0,0,0,0,Barricade,Basic,Building1,Wooden,0,1
MATURE_GRAPE_FIELD,3012,15,STRUCTURE,GRAPE_FIELD_STRUCTURE,1000,24,2,0,0,3,1,0,0,0,0,0,0,0,0,Barricade,Basic,Building1,Wooden,0,1
,,,,,,,,,,,,,,,,,,,,,,,,,
,,,,,,,,,,,,,,,,,,,,,,,,
STRONGHOLD_GATE,9001,0,STRUCTURE,DEFAULT_BUILDING_1,500,0,0,0,0,0,0,0,0,0,0,0,0,0,0,Barricade,Basic,Gate,Stone,0,1
STRONGHOLD_GATE,9001,1,STRUCTURE,CANNON_TOWER_STRUCTURE,1000,0,1,0,0,1,1,0,0,0,0,0,0,0,0,Barricade,Basic,Gate,Stone,0,1
STRONGHOLD_GATE,9001,2,STRUCTURE,CANNON_TOWER_STRUCTURE,2000,0,1,0,0,1,1,0,0,0,0,0,0,0,0,Barricade,Basic,Gate,Stone,0,1
STRONGHOLD_GATE,9001,3,STRUCTURE,CANNON_TOWER_STRUCTURE,3000,0,1,0,0,1,1,0,0,0,0,0,0,0,0,Barricade,Basic,Gate,Stone,0,1
STRONGHOLD_GATE,9001,4,STRUCTURE,CANNON_TOWER_STRUCTURE,4000,0,1,0,0,1,1,0,0,0,0,0,0,0,0,Barricade,Basic,Gate,Stone,0,1
STRONGHOLD_GATE,9001,5,STRUCTURE,CANNON_TOWER_STRUCTURE,5000,0,1,0,0,1,1,0,0,0,0,0,0,0,0,Barricade,Basic,Gate,Stone,0,1
STRONGHOLD_GATE,9001,6,STRUCTURE,CANNON_TOWER_STRUCTURE,6000,0,1,0,0,1,1,0,0,0,0,0,0,0,0,Barricade,Basic,Gate,Stone,0,1
STRONGHOLD_GATE,9001,7,STRUCTURE,CANNON_TOWER_STRUCTURE,7000,0,1,0,0,1,1,0,0,0,0,0,0,0,0,Barricade,Basic,Gate,Stone,0,1
STRONGHOLD_GATE,9001,8,STRUCTURE,CANNON_TOWER_STRUCTURE,8000,0,1,0,0,1,1,0,0,0,0,0,0,0,0,Barricade,Basic,Gate,Stone,0,1
STRONGHOLD_GATE,9001,9,STRUCTURE,CANNON_TOWER_STRUCTURE,9000,0,1,0,0,1,1,0,0,0,0,0,0,0,0,Barricade,Basic,Gate,Stone,0,1
STRONGHOLD_GATE,9001,10,STRUCTURE,CANNON_TOWER_STRUCTURE,10000,0,1,0,0,1,1,0,0,0,0,0,0,0,0,Barricade,Basic,Gate,Stone,0,1
STRONGHOLD_GATE,9001,11,STRUCTURE,CANNON_TOWER_STRUCTURE,11000,0,1,0,0,1,1,0,0,0,0,0,0,0,0,Barricade,Basic,Gate,Stone,0,1
STRONGHOLD_GATE,9001,12,STRUCTURE,CANNON_TOWER_STRUCTURE,12000,0,1,0,0,1,1,0,0,0,0,0,0,0,0,Barricade,Basic,Gate,Stone,0,1
STRONGHOLD_GATE,9001,13,STRUCTURE,CANNON_TOWER_STRUCTURE,13000,0,1,0,0,1,1,0,0,0,0,0,0,0,0,Barricade,Basic,Gate,Stone,0,1
STRONGHOLD_GATE,9001,14,STRUCTURE,CANNON_TOWER_STRUCTURE,14000,0,1,0,0,1,1,0,0,0,0,0,0,0,0,Barricade,Basic,Gate,Stone,0,1
STRONGHOLD_GATE,9001,15,STRUCTURE,CANNON_TOWER_STRUCTURE,15000,0,1,0,0,1,1,0,0,0,0,0,0,0,0,Barricade,Basic,Gate,Stone,0,1
STRONGHOLD_GATE,9001,16,STRUCTURE,CANNON_TOWER_STRUCTURE,16000,0,1,0,0,1,1,0,0,0,0,0,0,0,0,Barricade,Basic,Gate,Stone,0,1
STRONGHOLD_GATE,9001,17,STRUCTURE,CANNON_TOWER_STRUCTURE,17000,0,1,0,0,1,1,0,0,0,0,0,0,0,0,Barricade,Basic,Gate,Stone,0,1
STRONGHOLD_GATE,9001,18,STRUCTURE,CANNON_TOWER_STRUCTURE,18000,0,1,0,0,1,1,0,0,0,0,0,0,0,0,Barricade,Basic,Gate,Stone,0,1
STRONGHOLD_GATE,9001,19,STRUCTURE,CANNON_TOWER_STRUCTURE,19000,0,1,0,0,1,1,0,0,0,0,0,0,0,0,Barricade,Basic,Gate,Stone,0,1
STRONGHOLD_GATE,9001,20,STRUCTURE,CANNON_TOWER_STRUCTURE,20000,0,1,0,0,1,1,0,0,0,0,0,0,0,0,Barricade,Basic,Gate,Stone,0,1
,,,,,,,,,,,,,,,,,,,,,,,,
,,,,,,,,,,,,,,,,,,,,,,,,
